date,symbol,n_ready_now,ready_now_times,top10_not_ready_times,n_top10_not_ready,zero_ready_top10,n_top10_scans
2026-07-20,JSWENERGY,40,"13:15,13:20,14:12,14:13,14:14,14:15,14:16,14:17,14:18,14:19,14:20,14:21,14:43,14:44,14:45,14:46,14:47,14:48,14:49,14:50,14:51,15:09,15:10,15:11,15:12,15:13,15:14,15:15,15:16,15:17,15:18,15:19,15:20,15:21","10:12,10:15,10:42,10:45,11:12,11:15,11:25,11:32,11:36,11:40,11:45,12:04,12:05,12:10,12:15,12:20,12:25,12:30,13:01,13:05,13:10,14:00,14:05,14:27,14:31,14:35,14:56,15:01,15:35,15:37",30,,33
2026-07-20,NHPC,33,"14:20,14:21,14:39,14:40,14:41,14:42,14:43,14:44,14:45,14:46,14:47,14:48,14:49,14:50,14:51,15:09,15:10,15:11,15:12,15:13,15:14,15:15,15:16,15:17,15:18,15:19,15:20,15:21","13:05,13:10,13:15,13:35,13:40,13:45,14:05,14:10,14:15,14:27,14:31,14:56,15:01,15:35,15:37",15,,17
2026-07-20,BANKBARODA,17,"12:10,12:11,12:12,12:13,12:14,12:15,12:16,12:17,12:18,12:19,12:20,12:21,12:22","09:45,11:12,11:15,11:20,11:32,11:36,11:40,11:59,12:04,13:01,13:05,13:10,13:32,13:35,13:40,13:45,14:00,14:05,14:10,14:15,14:35,14:40,14:45,15:35,15:37",25,,26
2026-07-20,AUBANK,15,"11:35,11:36,11:37,11:38,11:39,11:40,11:41,11:42,11:44,11:45,11:46,11:47,11:48","10:12,10:15,10:20,10:25,10:30,10:42,10:45,10:50,10:55,11:00,11:12,11:15,11:20,11:25,11:59,12:04,12:05,12:10,12:25,12:30,12:57,13:01,13:05,13:10",24,,25
2026-07-20,JIOFIN,14,"12:12,12:13,12:14,12:15,12:16,12:17,12:18,12:19,12:20,12:21","10:42,10:45,11:12,11:15,11:25,11:32,11:36,11:40,11:45,12:04,12:05,12:30,12:35,12:40,12:45,14:35,14:40,14:45,15:05,15:10,15:15",21,,23
2026-07-20,AXISBANK,13,"11:45,11:46,11:47,11:48,11:49,11:50,11:51,12:50,13:15,13:20","09:50,09:55,10:00,10:12,10:15,10:20,10:25,10:30,10:50,10:55,11:00,11:12,11:15,11:20,11:25,11:32,11:36,11:40,12:30,12:35,12:40,12:45,13:01,13:05,13:10,15:05,15:10,15:15",28,,28
2026-07-20,OIL,10,"13:43,13:44,13:45,13:46,13:47,13:49,13:50,13:51","12:30,12:35,12:40,13:01,13:05,13:10,13:32,13:35",8,,9
2026-07-20,TORNTPHARM,9,"14:15,14:16,14:17,14:18,14:19,14:20,14:21","12:05,12:10,12:15,12:25,12:30,12:35,12:40,12:45,13:01,13:05,13:10,13:32,13:35,13:40,13:56,14:00,14:05,14:10,14:27,14:31,14:35,14:40,14:45,14:56,15:01,15:05,15:10,15:15",28,,28
2026-07-20,INDIGO,8,"10:20,10:21,10:23,10:24,10:25,10:29,10:30","10:12,10:15",2,,2
2026-07-20,UNIONBANK,8,"12:17,12:18,12:19,12:20,12:21,12:22","11:40,11:45,11:50,12:04,12:05,12:10,12:30,12:35,13:01,13:05,13:10,13:32,13:35,13:40,13:45,13:50,13:56,14:00,14:05,14:10,14:15,14:20,14:27,14:31,14:35",25,,27
2026-07-20,ASTRAL,6,"11:45,11:46,11:47,11:48,11:49","09:25,09:30,09:42,09:45,10:42,10:45,10:50,10:55,11:00,11:12,11:15,11:20,11:25,11:32,12:57,13:20,13:50,14:15,14:20",19,,19
2026-07-20,MARUTI,4,"13:49,13:50,13:51","10:12,10:15,10:20,10:45,10:50,11:15,11:20,11:36,11:40,11:45,12:04,12:05,12:10,13:05,13:10,13:15,13:32,13:35,13:40",19,,20
2026-07-20,COLPAL,2,"13:15,13:20","09:20,10:50,10:55,11:00,11:12,11:15,11:20,11:25,11:32,11:36,11:40,11:59,12:04,12:05,12:25,12:30,12:35,12:40,12:45,13:01,13:05,13:10,14:31,14:35,14:40,15:01,15:05,15:10,15:35,15:37",30,,30
2026-07-20,PNB,2,"11:21,11:22","10:12,10:15,10:20,10:42,10:45,10:50,11:12,11:15,13:01,13:05,13:10,13:32,13:35,13:40,13:56,14:00,14:05,14:10,14:27,14:31,14:35,14:40,15:35,15:37",24,,26
2026-07-20,TVSMOTOR,2,"13:15,13:20","09:30,09:42,09:45,09:50,09:55,10:00,10:12,10:20,12:15,13:01,13:05,13:10",12,,12
2026-07-20,360ONE,0,,"09:30,09:42,10:20,10:25,10:30,11:20,12:25,12:57,13:35,13:40,13:45",11,Y,11
2026-07-20,ABB,0,,"09:30,11:15,11:32,11:59,12:15,12:25",6,Y,6
2026-07-20,ABCAPITAL,0,,"09:30,11:32,11:59,12:25,12:30,12:35,12:40,12:45,12:57,13:01",10,Y,10
2026-07-20,ADANIENSOL,0,,"11:50,11:59,12:25,14:45,14:50",5,Y,5
2026-07-20,ADANIENT,0,,"12:25,12:57",2,Y,2
2026-07-20,ADANIGREEN,0,,"09:20,09:25,12:25",3,Y,3
2026-07-20,ADANIPORTS,0,,"12:25,14:56",2,Y,2
2026-07-20,ADANIPOWER,0,,"10:15,10:45,10:55,11:00,11:12,11:15,11:20,11:32,11:36,11:40,12:20,12:25,12:45,12:57,13:27,13:45,13:50,13:56,14:15,14:27,14:31,14:40,14:56,15:01,15:05,15:10,15:15,15:35,15:37",29,Y,29
2026-07-20,ALKEM,0,,"11:36,11:45,12:10,12:15,12:20,12:25,12:30,12:35,12:40,12:45,13:20,13:27,13:32,13:45,13:50,13:56,14:15,15:15,15:35,15:37",20,Y,20
2026-07-20,AMBER,0,,"09:25,09:30,13:10,13:15,13:20,14:10,14:15,14:20,15:10,15:15",10,Y,10
2026-07-20,AMBUJACEM,0,,"09:45,12:25",2,Y,2
2026-07-20,APLAPOLLO,0,,"09:25,09:30,09:45,09:50,09:55,10:00,12:50,13:20",8,Y,8
2026-07-20,APOLLOHOSP,0,,"11:50,12:57,13:27,13:56,14:27",5,Y,5
2026-07-20,ASHOKLEY,0,,"09:30,09:42,09:45,09:50,09:55,10:00,10:12,10:15,12:25,12:35,12:40,12:45,12:57,13:01,13:05,13:10,15:01,15:05,15:10,15:35,15:37",21,Y,21
2026-07-20,ASIANPAINT,0,,"12:57,13:32,13:35,13:40",4,Y,4
2026-07-20,AUROPHARMA,0,,"11:59,12:57,13:01",3,Y,3
2026-07-20,BAJAJFINSV,0,,15:15,1,Y,1
2026-07-20,BAJAJHLDNG,0,,"10:30,10:42,13:15,13:20,13:35,13:40,13:45,14:00,14:05,14:20,15:35,15:37",12,Y,12
2026-07-20,BAJFINANCE,0,,"10:42,11:00,11:20,11:32,11:36,11:40,11:59,12:05,12:50",9,Y,9
2026-07-20,BANDHANBNK,0,,"11:20,11:32,15:35,15:37",4,Y,4
2026-07-20,BANKINDIA,0,,"12:57,13:27,14:15",3,Y,3
2026-07-20,BDL,0,,13:15,1,Y,1
2026-07-20,BEL,0,,"12:20,13:50,14:45,14:50",4,Y,4
2026-07-20,BHARATFORG,0,,"09:50,09:55,10:00,10:12,10:20,10:25,10:30,10:42,10:45,10:50,10:55,11:00,11:25,13:32,13:35,13:40",16,Y,16
2026-07-20,BHARTIARTL,0,,"10:00,11:59",2,Y,2
2026-07-20,BHEL,0,,"10:25,10:30,10:42,10:55,11:00,11:12,11:15,11:20,11:59,12:04,12:05,14:35,14:40,14:45",14,Y,14
2026-07-20,BIOCON,0,,"12:57,13:27,14:15,14:20,14:27,14:56",6,Y,6
2026-07-20,BLUESTARCO,0,,"10:25,10:30,11:59,13:15,13:45,13:56,14:15",7,Y,7
2026-07-20,BOSCHLTD,0,,"09:25,09:30,09:42,11:32,11:59,13:20",6,Y,6
2026-07-20,BPCL,0,,"10:42,10:45,10:50,10:55,11:00,14:56",6,Y,6
2026-07-20,BRITANNIA,0,,"13:45,14:15",2,Y,2
2026-07-20,BSE,0,,"10:30,10:42,10:45,14:45",4,Y,4
2026-07-20,CAMS,0,,"09:55,10:00,10:12,10:20,10:25,10:30,10:42,10:45,10:50,10:55,11:00,11:12,11:32,11:36,11:40,12:45,13:32,13:35,13:40,14:31,14:40,15:01,15:05,15:10,15:35,15:37",26,Y,26
2026-07-20,CANBK,0,,"12:57,13:15,13:27,13:32,14:00,14:10,14:31,14:35,14:40,15:01,15:05,15:10",12,Y,12
2026-07-20,CDSL,0,,"10:25,10:30,11:12,11:50,11:59,12:04,12:05,12:10,12:15,12:30,12:35,12:40,12:45,13:01,13:05,13:10,14:00,14:05,14:10,14:27,14:31,14:35,14:40,14:56,15:01,15:05,15:10",27,Y,27
2026-07-20,CGPOWER,0,,"11:59,12:15",2,Y,2
2026-07-20,CHOLAFIN,0,,"09:50,09:55,10:00,10:50,10:55,11:00,11:20,11:25,11:32,11:36,11:40,11:45,12:30,12:35,12:50,14:35,14:40,14:45",18,Y,18
2026-07-20,CIPLA,0,,"09:50,09:55,10:00,10:25,10:30,11:59,12:04,12:05,12:30,12:35,12:40,13:05,13:10,13:15",14,Y,14
2026-07-20,COALINDIA,0,,"09:45,09:50,09:55,10:00,13:45,14:15",6,Y,6
2026-07-20,COFORGE,0,,"15:10,15:15",2,Y,2
2026-07-20,CONCOR,0,,14:27,1,Y,1
2026-07-20,CROMPTON,0,,"09:50,09:55,10:00,10:12,10:15,10:20,10:25,10:30,10:42,10:45,10:50,10:55,11:00,11:25",14,Y,14
2026-07-20,CUMMINSIND,0,,"09:42,09:45,09:50,09:55,10:00,10:12,10:20,10:25,10:30,10:55,11:00,11:45,13:15",13,Y,13
2026-07-20,DABUR,0,,"09:42,13:32,13:35,13:40,13:56,14:00,14:05,14:10,15:01,15:05,15:10",11,Y,11
2026-07-20,DALBHARAT,0,,"11:59,13:27,14:56",3,Y,3
2026-07-20,DELHIVERY,0,,"09:45,11:45,14:05,14:10,14:15",5,Y,5
2026-07-20,DIVISLAB,0,,"09:25,09:30,09:42,11:50,12:10,12:15,12:35,12:40,12:45",9,Y,9
2026-07-20,DIXON,0,,"10:25,10:30,10:42,10:55,11:00,11:32,12:10,13:27,13:56,14:27,14:56,15:01",12,Y,12
2026-07-20,DLF,0,,"09:50,09:55,10:00,10:20,10:25,10:30,10:50,10:55,11:00,11:12,11:15",11,Y,11
2026-07-20,DMART,0,,"11:59,12:50",2,Y,2
2026-07-20,EICHERMOT,0,,"09:20,10:25,10:30,10:55,11:00,11:59,12:15,13:15",8,Y,8
2026-07-20,EXIDEIND,0,,"09:20,09:25,09:42,09:45,09:50,09:55,10:00,10:12,11:15,13:20,14:10,14:15",12,Y,12
2026-07-20,FEDERALBNK,0,,"09:20,10:42,11:20,13:32",4,Y,4
2026-07-20,FORTIS,0,,"10:25,10:30,10:50,10:55,11:00,13:45",6,Y,6
2026-07-20,GAIL,0,,"11:59,14:56",2,Y,2
2026-07-20,GLENMARK,0,,"09:20,09:25,10:15,10:20,10:25",5,Y,5
2026-07-20,GODREJCP,0,,12:50,1,Y,1
2026-07-20,GRASIM,0,,"13:20,14:20",2,Y,2
2026-07-20,HAVELLS,0,,"09:20,10:25,10:30",3,Y,3
2026-07-20,HCLTECH,0,,12:15,1,Y,1
2026-07-20,HDFCAMC,0,,"09:50,09:55,10:00,11:12,11:15,11:20,11:36,11:40,11:45,12:04,12:05,12:10",12,Y,12
2026-07-20,HDFCBANK,0,,"09:50,09:55,10:00,10:12,10:15,10:25,10:30,11:12,11:15,11:25,11:32,12:04,12:05,12:10,12:30,12:35,12:40,12:45,14:56,15:01,15:05,15:35,15:37",23,Y,23
2026-07-20,HEROMOTOCO,0,,"13:50,14:20",2,Y,2
2026-07-20,HINDALCO,0,,"12:50,14:27,14:56",3,Y,3
2026-07-20,HINDPETRO,0,,"10:55,11:00,11:59",3,Y,3
2026-07-20,HINDUNILVR,0,,"13:15,13:35,13:40,13:45,13:56,14:00",6,Y,6
2026-07-20,HINDZINC,0,,"09:25,09:30,09:42,09:45,09:50,09:55,10:00,11:00,11:36,11:40,11:45,12:04,12:05,12:20",14,Y,14
2026-07-20,HYUNDAI,0,,"14:00,14:05,14:10,15:01,15:05,15:10",6,Y,6
2026-07-20,ICICIBANK,0,,"09:20,09:50,09:55,10:00,10:50,10:55,11:00,11:25,14:45,15:15",10,Y,10
2026-07-20,ICICIGI,0,,14:20,1,Y,1
2026-07-20,ICICIPRULI,0,,"09:20,09:50,09:55,10:00,10:42",5,Y,5
2026-07-20,IDFCFIRSTB,0,,"13:15,13:56,14:40,14:45,15:10,15:15",6,Y,6
2026-07-20,IEX,0,,"09:20,09:25,09:45,11:36,11:50",5,Y,5
2026-07-20,INDHOTEL,0,,"12:20,14:00,14:05,14:10,14:31,14:35,14:40",7,Y,7
2026-07-20,INDIANB,0,,"12:30,12:40,13:15,13:45,14:05,14:10,14:15",7,Y,7
2026-07-20,INDUSINDBK,0,,13:15,1,Y,1
2026-07-20,INDUSTOWER,0,,"14:45,15:15",2,Y,2
2026-07-20,INFY,0,,"14:31,14:56",2,Y,2
2026-07-20,INOXWIND,0,,"10:42,13:27",2,Y,2
2026-07-20,IRFC,0,,"09:30,09:42",2,Y,2
2026-07-20,ITC,0,,13:32,1,Y,1
2026-07-20,JSWSTEEL,0,,"09:45,09:50,09:55,10:12,12:40,12:45,13:27,14:45,15:15",9,Y,9
2026-07-20,JUBLFOOD,0,,13:20,1,Y,1
2026-07-20,KALYANKJIL,0,,"09:20,09:42,09:45,14:31,14:35,14:40",6,Y,6
2026-07-20,KAYNES,0,,"09:20,09:25,09:30,09:42,09:45,12:40,12:45,12:50,15:15",9,Y,9
2026-07-20,KEI,0,,"09:20,09:42,09:45,09:50,15:15",5,Y,5
2026-07-20,KFINTECH,0,,"09:45,11:12,11:36,11:40,11:45,12:04,12:10,12:15",8,Y,8
2026-07-20,KOTAKBANK,0,,"09:20,09:42,09:45,10:12,10:15,15:10,15:15",7,Y,7
2026-07-20,LAURUSLABS,0,,"12:04,12:05,12:10,12:15,13:45,14:20",6,Y,6
2026-07-20,LICI,0,,09:42,1,Y,1
2026-07-20,LODHA,0,,11:50,1,Y,1
2026-07-20,LT,0,,12:50,1,Y,1
2026-07-20,LTF,0,,"12:45,13:01,13:05,13:10",4,Y,4
2026-07-20,LTM,0,,"09:30,09:42",2,Y,2
2026-07-20,LUPIN,0,,"09:25,09:30,12:15,12:20,13:15",5,Y,5
2026-07-20,M&M,0,,"09:20,12:15,13:15",3,Y,3
2026-07-20,MANAPPURAM,0,,"10:42,11:45,12:35,12:40,12:45,13:01,13:32,13:35,13:40,14:00,14:10,14:35,14:40,14:45,15:05,15:10,15:15,15:35,15:37",19,Y,19
2026-07-20,MANKIND,0,,"09:20,12:04,12:05,12:10,12:15,12:25,12:30,12:35,13:01,13:05,13:10,13:15,13:35,13:40,13:45,13:56,14:00,14:05,14:10,14:15,15:35,15:37",22,Y,22
2026-07-20,MARICO,0,,13:15,1,Y,1
2026-07-20,MCX,0,,"10:12,10:42,10:45,11:12,11:15",5,Y,5
2026-07-20,MFSL,0,,09:20,1,Y,1
2026-07-20,MOTHERSON,0,,"09:45,10:12,10:15,10:20,10:45,11:36,11:40,11:45,13:01,13:05,13:10,15:35,15:37",13,Y,13
2026-07-20,MPHASIS,0,,"09:25,10:15,10:20",3,Y,3
2026-07-20,NATIONALUM,0,,"10:12,10:15,11:45,13:27,14:27",5,Y,5
2026-07-20,NAUKRI,0,,"09:25,12:20,12:57,13:27,13:56,14:27",6,Y,6
2026-07-20,NBCC,0,,09:42,1,Y,1
2026-07-20,NESTLEIND,0,,"11:25,11:32",2,Y,2
2026-07-20,NTPC,0,,"10:15,10:20,10:45,10:50,12:04,12:10",6,Y,6
2026-07-20,NUVAMA,0,,"12:57,14:27,14:31,14:35,14:56,15:01,15:05",7,Y,7
2026-07-20,NYKAA,0,,"09:30,13:56,14:27,14:31,14:56",5,Y,5
2026-07-20,OFSS,0,,"10:45,10:50,11:12,11:36,11:40,11:45,11:50,12:04,12:15,12:25,12:30,12:35,12:40,12:45,13:01,13:05,13:10,13:32,13:35,13:40,13:56,14:00,14:05,15:01,15:05,15:10,15:35,15:37",28,Y,28
2026-07-20,ONGC,0,,"12:57,13:27,13:56,14:56",4,Y,4
2026-07-20,PATANJALI,0,,10:12,1,Y,1
2026-07-20,PAYTM,0,,"13:32,13:35,13:40",3,Y,3
2026-07-20,PERSISTENT,0,,"09:20,09:25,11:50,13:45",4,Y,4
2026-07-20,PFC,0,,"09:25,09:30,14:45,15:10,15:15",5,Y,5
2026-07-20,PHOENIXLTD,0,,"12:57,13:56,14:00,14:05,14:27,14:31",6,Y,6
2026-07-20,PIDILITIND,0,,11:50,1,Y,1
2026-07-20,PIIND,0,,13:27,1,Y,1
2026-07-20,POLICYBZR,0,,12:50,1,Y,1
2026-07-20,POLYCAB,0,,"09:20,09:25,09:30,09:42",4,Y,4
2026-07-20,POWERGRID,0,,"14:45,15:15",2,Y,2
2026-07-20,POWERINDIA,0,,"12:50,14:45,15:10,15:15",4,Y,4
2026-07-20,PREMIERENE,0,,"11:25,12:15,13:32",3,Y,3
2026-07-20,PRESTIGE,0,,"12:45,14:35,14:40,14:45",4,Y,4
2026-07-20,RBLBANK,0,,"09:25,11:20,13:20,14:20",4,Y,4
2026-07-20,RECLTD,0,,"10:15,10:20,12:45,15:01,15:05,15:10",6,Y,6
2026-07-20,RELIANCE,0,,"12:57,13:56,14:00,14:05,14:10,14:15,14:27,14:31,14:35,14:40,14:45,14:56,15:01,15:15,15:35,15:37",16,Y,16
2026-07-20,RVNL,0,,09:30,1,Y,1
2026-07-20,SBICARD,0,,"14:31,14:35,14:40,15:01,15:35,15:37",6,Y,6
2026-07-20,SBILIFE,0,,"13:15,14:40,14:45,14:50",4,Y,4
2026-07-20,SBIN,0,,"12:20,14:27,14:45",3,Y,3
2026-07-20,SIEMENS,0,,13:20,1,Y,1
2026-07-20,SOLARINDS,0,,"10:15,10:20,11:15,11:20,11:36,11:40,11:45,12:04,12:05,12:10",10,Y,10
2026-07-20,SONACOMS,0,,12:57,1,Y,1
2026-07-20,SRF,0,,12:50,1,Y,1
2026-07-20,SUNPHARMA,0,,"12:15,12:20,13:20,14:20",4,Y,4
2026-07-20,SUPREMEIND,0,,"09:20,09:25,09:45,09:50,09:55,10:45,10:50,10:55",8,Y,8
2026-07-20,SUZLON,0,,"10:20,10:25,10:45,10:50,10:55",5,Y,5
2026-07-20,SWIGGY,0,,"11:20,11:40,11:45,12:04,12:05,12:10,12:25,12:30,12:35,12:40,14:56,15:01,15:05,15:35,15:37",15,Y,15
2026-07-20,TATACONSUM,0,,14:10,1,Y,1
2026-07-20,TATAPOWER,0,,"09:30,09:42,10:00,10:25,10:30,13:20,14:15,14:20",8,Y,8
2026-07-20,TCS,0,,"13:27,13:32,13:35,13:56,14:00,14:05,14:31",7,Y,7
2026-07-20,TECHM,0,,"13:20,13:45,14:15",3,Y,3
2026-07-20,TRENT,0,,"10:15,10:20,10:45,10:50,11:12,11:15,11:20,11:25,11:32,11:36,11:40,11:45,12:30,12:35,12:40,13:27,13:32,13:35,13:56,14:00,14:05,14:27,14:31,14:35,14:56,15:01,15:05",27,Y,27
2026-07-20,UNITDSPR,0,,14:15,1,Y,1
2026-07-20,UNOMINDA,0,,"11:45,12:05,12:10,12:30,12:35,12:40,12:57,13:01,13:05",9,Y,9
2026-07-20,UPL,0,,"12:15,12:20,13:15",3,Y,3
2026-07-20,VEDL,0,,"10:15,10:20,10:42,10:45,10:50,11:12,11:15,11:20,11:25,11:32,11:36,11:40,11:45,13:40,13:45,13:50,14:00,14:05,14:10",19,Y,19
2026-07-20,VOLTAS,0,,"15:35,15:37",2,Y,2
2026-07-20,WIPRO,0,,"09:25,13:40,13:45",3,Y,3
2026-07-20,ZYDUSLIFE,0,,"12:10,12:45",2,Y,2
2026-07-21,SHRIRAMFIN,32,"11:51,11:52,11:54,11:55,11:56,11:57,11:58,11:59,12:00,12:24,12:25,12:26,12:27,12:28,12:29,12:30,12:51,12:52,12:53,12:54,12:55,12:56,12:57,12:58,12:59,13:00","09:42,09:45,10:15,10:20,10:45,10:50,11:09,11:11,11:15,11:20,11:42,11:45,12:12,12:15,12:37,12:40,12:45,13:40,13:45,13:50,14:11,14:15,14:20,14:57,15:01,15:05,15:35,15:37",28,,31
2026-07-21,HDFCAMC,17,"12:20,12:21,12:22,12:23,12:24,12:25,12:26,12:27,12:28,12:29,12:30,14:20,14:50,15:15,15:20","10:20,10:25,10:30,10:55,11:00,11:42,12:09,12:12,12:15,12:37,12:40,12:45,12:50,12:55,13:15,13:20,13:25,13:45,13:50,13:55,14:08,14:11,14:15,14:33,14:35,14:40,14:45,15:01,15:05,15:10,15:35,15:37",32,,32
2026-07-21,DIXON,14,"12:53,12:54,13:24,13:25,13:26,13:27,13:28,13:29,13:30,14:45,14:50,15:20","09:45,09:50,09:55,10:00,10:12,10:15,10:20,10:25,10:30,11:09,11:11,11:15,11:42,11:45,11:50,11:55,12:00,12:09,12:12,12:15,12:20,12:25,12:37,13:11,13:15,13:37,13:40,13:45,13:50,14:08,14:11,14:15,14:20,14:33,14:35,14:40,15:01,15:05,15:10,15:15",40,,41
2026-07-21,PGEL,13,"11:49,11:50,11:51,11:52,11:54,11:55,11:56,11:57,11:58,11:59,12:00","10:15,10:20,10:45,10:50,11:09,11:11,11:15,11:20,11:42,15:01,15:05,15:10,15:15,15:35,15:37",15,,16
2026-07-21,TORNTPHARM,13,"13:19,13:20,13:21,13:24,13:25,13:26,13:27,13:28,13:29,13:30,14:50","11:20,11:45,11:50,12:09,12:12,12:15,12:20,12:25,12:30,12:37,12:40,12:45,13:07,13:11,13:37,13:40,13:45,13:50,13:55,14:08,14:11,14:33,15:01,15:05,15:10,15:35,15:37",27,,28
2026-07-21,HINDZINC,11,"13:24,13:25,13:26,13:27,13:28,13:29,13:30,14:45,14:50","09:45,11:42,11:45,12:15,12:20,12:25,12:40,12:45,12:50,13:11,13:15,13:37,13:40,13:45,13:50,14:08,14:11,14:15,14:20,14:33,14:35,14:40",22,,23
2026-07-21,GODREJCP,9,"13:24,13:25,13:26,13:27,13:28,13:29,13:30","10:50,10:55,11:00,11:09,11:11,11:15,11:20,11:25,11:30,11:42,11:45,11:50,11:55,12:00,12:09,12:12,12:40,12:45,12:50,13:07,13:11,13:15",22,,23
2026-07-21,AMBER,8,"12:55,12:56,12:57,12:58,12:59,13:00","09:45,09:50,09:55,10:00,10:12,10:15,10:20,10:25,10:30,10:40,10:45,10:50,10:55,11:00,11:09,11:11,11:15,11:20,11:25,11:30,11:42,11:45,11:50,11:55,12:00,12:09,12:12,12:15,12:37,12:40,12:45,12:50,13:07,13:11,13:15,13:20,13:25,13:37,13:40,13:45,13:50,13:55,14:08,14:11,14:15,14:20",46,,46
2026-07-21,GODREJPROP,7,"12:25,12:26,12:27,12:28,12:29,12:30","11:30,11:55,12:00,12:12,13:40,13:45,13:50,14:11,14:15,14:20,15:05,15:10,15:15,15:35,15:37",15,,16
2026-07-21,HDFCBANK,5,"14:45,14:50,15:10,15:15,15:20","09:20,09:25,09:30,09:38,09:42,09:45,09:50,09:55,10:00,10:12,10:15,10:20,10:25,10:30,10:45,10:50,10:55,11:00,11:09,11:11,11:15,11:20,11:25,11:30,11:42,11:45,11:50,11:55,12:00,12:20,12:25,12:30,13:50,13:55,14:00,14:08,14:11,14:15,14:20,14:33,14:35,14:40,14:57,15:01,15:05,15:35,15:37",47,,47
2026-07-21,MUTHOOTFIN,4,"11:20,11:25,11:27,11:30","09:42,09:45,09:50,10:12,10:15,10:20,10:25,10:40,10:45,11:09,11:11,11:15,12:12,12:15,12:20,12:37,12:40,12:45,13:00,13:07,13:11,13:15,13:37,13:40,13:45,13:50,14:08,14:11,14:15,14:33,14:35,14:40,14:45",33,,33
2026-07-21,PAYTM,2,"15:15,15:20","10:15,10:20,10:45,10:50,11:45,11:50,12:40,12:45,12:50,13:07,13:11,13:15,13:20,13:37,13:40,13:45,13:50,14:11,14:15,14:20,15:35,15:37",22,,22
2026-07-21,WAAREEENER,1,14:50,"11:45,11:50,12:40,12:45,12:50,13:07,13:11,13:15,13:20,13:37,14:11,14:15,14:20,14:33,14:35,14:40,14:45,15:01,15:05,15:10,15:35,15:37",22,,22
2026-07-21,360ONE,0,,"09:20,09:25,09:30,11:45,14:08",5,Y,5
2026-07-21,ABB,0,,"09:38,12:09,12:30",3,Y,3
2026-07-21,ABCAPITAL,0,,"09:30,10:12,10:20,10:25,10:30,10:40,10:45,10:50,10:55,11:00,11:09,11:11,11:15,11:20,11:25,11:30,12:12,12:25,12:30,12:37,12:40,12:45,13:20,13:25,13:30,13:37,13:55,14:00,14:08,14:57,15:01,15:10,15:15",33,Y,33
2026-07-21,ADANIENSOL,0,,"12:30,14:00,14:11,14:15,14:20,14:33,14:45",7,Y,7
2026-07-21,ADANIENT,0,,"13:00,14:45",2,Y,2
2026-07-21,ADANIGREEN,0,,"10:30,12:30,13:00,13:07,13:25,13:30,13:55,14:00,14:08,14:35,14:40,14:45",12,Y,12
2026-07-21,ADANIPORTS,0,,"09:42,09:55,10:00",3,Y,3
2026-07-21,AMBUJACEM,0,,"10:40,10:45,10:50,10:55,11:00,11:09,11:11,11:15,11:20,11:25,11:30,13:50,14:20",13,Y,13
2026-07-21,APLAPOLLO,0,,"12:55,13:00,14:45",3,Y,3
2026-07-21,ASHOKLEY,0,,"10:40,10:45,10:50,10:55,11:00,13:40,13:45,13:50,13:55,14:11,14:15,14:20",12,Y,12
2026-07-21,ASIANPAINT,0,,"13:00,13:30,13:37,13:55,14:00,14:08",6,Y,6
2026-07-21,ASTRAL,0,,14:45,1,Y,1
2026-07-21,AUROPHARMA,0,,"09:20,09:25,09:30,09:38,13:00,13:07,13:30,13:37,13:55,14:00,14:08,15:15",12,Y,12
2026-07-21,AXISBANK,0,,"09:42,09:45",2,Y,2
2026-07-21,BAJAJFINSV,0,,"09:50,09:55,10:00,10:12,10:25,10:30,10:40,10:45,10:50,10:55,11:00,11:09,11:11,11:15,11:20,11:25,11:30,13:55,14:33,14:35,14:40,14:57,15:01,15:05,15:35,15:37",26,Y,26
2026-07-21,BAJAJHLDNG,0,,"09:20,09:25,09:30,09:38,10:40,10:45,11:00,11:50,11:55,12:00,12:09,12:12,12:15,12:25,12:30,12:37,13:00,13:55,14:00",19,Y,19
2026-07-21,BANDHANBNK,0,,"09:50,09:55,10:00,10:12,10:15,10:25,10:30,15:35,15:37",9,Y,9
2026-07-21,BANKBARODA,0,,"09:50,09:55,10:00,10:12,10:15,10:20,10:25,10:30,10:40,10:45,10:50,10:55,11:00,11:09,11:11,11:15,11:20,11:25,11:30,11:42,11:45,11:50,11:55,12:00,12:09,12:12,12:15,12:20,12:25,12:30,14:57,15:01,15:05,15:35,15:37",35,Y,35
2026-07-21,BHEL,0,,"09:42,09:45,09:50,09:55,10:00,10:12,10:40,11:25,11:30,12:12,12:15,12:20,13:40,13:45,13:50,14:11,14:15,14:20,14:33,14:35,14:40,14:57,15:01",23,Y,23
2026-07-21,BIOCON,0,,"09:20,09:25,09:30,11:55,12:00,12:09,12:30,12:55,13:00,13:07,13:25,13:30,14:00",13,Y,13
2026-07-21,BLUESTARCO,0,,10:40,1,Y,1
2026-07-21,BOSCHLTD,0,,14:57,1,Y,1
2026-07-21,BPCL,0,,"09:20,09:25,09:38",3,Y,3
2026-07-21,BSE,0,,"11:09,11:25,11:30,11:42",4,Y,4
2026-07-21,CAMS,0,,10:12,1,Y,1
2026-07-21,CANBK,0,,"10:12,10:15,10:25,10:30,11:30,15:15",6,Y,6
2026-07-21,CDSL,0,,"10:40,10:55,11:00,11:25,11:30,11:42,11:50,11:55,12:00,12:40,12:45,12:50,13:11,13:15,13:20,14:35,14:40,14:45",18,Y,18
2026-07-21,CGPOWER,0,,"10:25,10:30,10:40,10:55,11:00,11:55,12:00,12:55,13:25",9,Y,9
2026-07-21,CHOLAFIN,0,,"09:38,09:42,09:45,10:55,11:00,13:30,13:37,15:15",8,Y,8
2026-07-21,CIPLA,0,,"09:45,09:50,09:55,10:00,10:25,10:30,10:55,11:00,11:09,11:11,11:15,11:20,11:25,11:30,11:42,11:45,13:40,13:45,13:50,14:33,14:57",21,Y,21
2026-07-21,COFORGE,0,,"09:38,09:42,09:45,13:00,14:45",5,Y,5
2026-07-21,COLPAL,0,,12:20,1,Y,1
2026-07-21,CONCOR,0,,"11:20,11:25,11:30,14:15,14:20",5,Y,5
2026-07-21,CROMPTON,0,,"09:20,09:25,09:30,09:55,10:00,10:12,11:09,11:25,11:30,11:55,12:00,12:09,12:12,12:15,12:37,12:40,12:45,12:50,12:55,13:00,13:07,13:11,13:15,13:20,13:25,13:30,15:05,15:10,15:15",29,Y,29
2026-07-21,CUMMINSIND,0,,"12:00,14:45",2,Y,2
2026-07-21,DABUR,0,,"12:20,12:37",2,Y,2
2026-07-21,DELHIVERY,0,,"09:50,09:55,10:00",3,Y,3
2026-07-21,DLF,0,,12:09,1,Y,1
2026-07-21,DMART,0,,14:45,1,Y,1
2026-07-21,DRREDDY,0,,"09:42,10:55,11:00,11:42,12:12,12:15,12:20,14:35,14:40,14:45",10,Y,10
2026-07-21,EICHERMOT,0,,"09:38,13:30,15:15",3,Y,3
2026-07-21,ETERNAL,0,,"09:42,09:45,10:12",3,Y,3
2026-07-21,FEDERALBNK,0,,"11:42,11:55,12:00",3,Y,3
2026-07-21,FORTIS,0,,"11:09,11:25,11:30,11:42,11:55,12:00,12:40,12:45,12:50,13:11,13:15,13:20,13:50,15:10",14,Y,14
2026-07-21,GAIL,0,,"09:55,10:00,10:12,10:15,10:20,10:25,10:30,10:40,10:45",9,Y,9
2026-07-21,GMRAIRPORT,0,,"09:50,09:55,10:00,10:25,10:30",5,Y,5
2026-07-21,GRASIM,0,,"11:55,12:00,13:55,14:57",4,Y,4
2026-07-21,HAL,0,,"14:20,14:35,14:40,14:45,15:01,15:05,15:10,15:35,15:37",9,Y,9
2026-07-21,HAVELLS,0,,"09:50,09:55,10:00,10:40,10:50,10:55,11:00,11:09,11:11,11:25,11:30,11:42,15:15",13,Y,13
2026-07-21,HCLTECH,0,,"09:50,09:55,10:00,11:55,12:00,12:55,13:25,13:55",8,Y,8
2026-07-21,HEROMOTOCO,0,,"10:50,10:55,11:00,14:33,14:57",5,Y,5
2026-07-21,HINDPETRO,0,,"11:15,11:55,12:00",3,Y,3
2026-07-21,HYUNDAI,0,,"09:50,09:55,10:00,10:20,10:25,10:30,10:40,11:20,11:25,11:30",10,Y,10
2026-07-21,ICICIGI,0,,"09:20,09:25,09:38,12:09,12:55,13:00,14:08",7,Y,7
2026-07-21,ICICIPRULI,0,,13:55,1,Y,1
2026-07-21,IDEA,0,,"11:50,11:55,12:00",3,Y,3
2026-07-21,IDFCFIRSTB,0,,"09:42,09:45",2,Y,2
2026-07-21,IEX,0,,"10:20,10:25,10:30,10:40,10:45,11:09,11:55,12:00,13:11,13:20",10,Y,10
2026-07-21,INDIANB,0,,"09:20,09:25,09:50,09:55,10:00,10:20,10:25,10:30,12:09",9,Y,9
2026-07-21,INDIGO,0,,"11:45,11:50,12:50,15:10,15:15",5,Y,5
2026-07-21,INDUSINDBK,0,,"09:30,09:38,09:42,09:45,10:12,10:15,10:20,10:25,10:30,10:40,10:45,11:25,11:30,11:42,11:45,11:50,11:55,12:00,12:09,12:12,12:15,12:20,12:25,12:30,12:37,12:40,12:45,13:20,13:25,13:30,13:37,13:40,13:45,14:00,14:08,14:11,14:15,14:33,14:35,14:40,15:01,15:05,15:35,15:37",44,Y,44
2026-07-21,INFY,0,,"10:12,10:15,10:40,11:09,11:11,11:15,12:40,12:45,12:50",9,Y,9
2026-07-21,INOXWIND,0,,"10:50,10:55,11:00,12:25",4,Y,4
2026-07-21,IOC,0,,"11:45,11:50",2,Y,2
2026-07-21,IRFC,0,,15:10,1,Y,1
2026-07-21,ITC,0,,"12:25,12:30,12:37,12:55,13:00,13:07,13:25,13:30,13:37,13:40,13:45,14:20",12,Y,12
2026-07-21,JINDALSTEL,0,,"12:55,13:20,13:25,13:55,14:57",5,Y,5
2026-07-21,JIOFIN,0,,"09:20,09:25,09:30,09:38,12:09,12:25,12:30,12:37",8,Y,8
2026-07-21,JSWSTEEL,0,,"09:42,11:42",2,Y,2
2026-07-21,KALYANKJIL,0,,"10:12,10:15,15:15",3,Y,3
2026-07-21,KAYNES,0,,"15:05,15:10,15:15",3,Y,3
2026-07-21,KFINTECH,0,,14:45,1,Y,1
2026-07-21,KOTAKBANK,0,,"11:42,15:15",2,Y,2
2026-07-21,KPITTECH,0,,10:15,1,Y,1
2026-07-21,LAURUSLABS,0,,"10:12,10:40,10:55,11:09,11:11,11:15,11:20,12:12,12:15,12:20,12:37,13:07,13:11,13:15,13:37,13:40,13:45,14:08,14:11,14:15,15:01,15:05,15:10",23,Y,23
2026-07-21,LICHSGFIN,0,,14:45,1,Y,1
2026-07-21,LICI,0,,"14:35,14:40,14:45,15:01,15:10",5,Y,5
2026-07-21,LT,0,,14:57,1,Y,1
2026-07-21,LTM,0,,"13:25,14:57",2,Y,2
2026-07-21,M&M,0,,"14:35,14:40,14:45",3,Y,3
2026-07-21,MANAPPURAM,0,,"09:20,09:25,09:30,09:38,09:42,09:45,09:50,09:55,10:00,10:12,10:15,10:20,10:25,10:30,10:40,10:45,10:50,10:55,11:00,11:09,11:11,11:15,11:20,11:25,11:30,12:20,12:25,12:30,12:37,12:40,12:45,12:50,12:55,13:00,13:07,13:11,13:15,13:20,13:25,13:30,13:37,13:40,13:45,13:50,13:55,14:00,14:08,14:11,14:15,14:20",50,Y,50
2026-07-21,MARICO,0,,"10:50,10:55,11:00,12:09,13:00,13:30,13:37,14:08",8,Y,8
2026-07-21,MAXHEALTH,0,,"11:11,11:15,11:20",3,Y,3
2026-07-21,MAZDOCK,0,,"09:38,12:09,12:12,13:07,13:30",5,Y,5
2026-07-21,MCX,0,,"09:45,09:50,09:55",3,Y,3
2026-07-21,MFSL,0,,13:55,1,Y,1
2026-07-21,MPHASIS,0,,15:15,1,Y,1
2026-07-21,NAUKRI,0,,"10:15,10:20,10:45,10:50,12:50,13:11,13:15,13:20,13:40,13:45,13:50,14:11,14:20",13,Y,13
2026-07-21,NBCC,0,,"10:15,10:45,10:50,11:20",4,Y,4
2026-07-21,NESTLEIND,0,,"12:15,12:20,12:25",3,Y,3
2026-07-21,NHPC,0,,"09:30,09:50,09:55,10:00,12:25,12:30,13:00,13:30,13:37,13:40,13:45,14:33,15:35,15:37",14,Y,14
2026-07-21,NTPC,0,,14:57,1,Y,1
2026-07-21,NYKAA,0,,11:50,1,Y,1
2026-07-21,OBEROIRLTY,0,,"09:30,09:38,09:42,12:30,14:00",5,Y,5
2026-07-21,OIL,0,,"09:20,09:25,09:30,12:30,12:55,13:00,13:30,13:37,13:55,14:00,14:08,14:11,14:15,14:20,14:33,14:57",16,Y,16
2026-07-21,PAGEIND,0,,13:55,1,Y,1
2026-07-21,PIIND,0,,12:55,1,Y,1
2026-07-21,PNB,0,,"09:20,09:25,09:30,09:38,12:30,14:00",6,Y,6
2026-07-21,PNBHOUSING,0,,"09:42,11:15,11:20,11:25,11:45,11:50",6,Y,6
2026-07-21,POLICYBZR,0,,"09:42,09:45,09:50,10:15,10:20,12:12,12:15,12:20,13:40,13:45,13:50",11,Y,11
2026-07-21,POWERGRID,0,,"09:20,09:25,12:37,13:07,13:11,13:15",6,Y,6
2026-07-21,POWERINDIA,0,,"12:55,13:25",2,Y,2
2026-07-21,PREMIERENE,0,,"12:15,12:20,12:25,12:37,12:40,12:45,12:50,14:33,14:35,14:40,14:57,15:01,15:05,15:35,15:37",15,Y,15
2026-07-21,PRESTIGE,0,,"12:50,12:55,13:25,15:10,15:15,15:35,15:37",7,Y,7
2026-07-21,RBLBANK,0,,"10:45,10:50",2,Y,2
2026-07-21,RECLTD,0,,"13:07,13:25",2,Y,2
2026-07-21,RELIANCE,0,,"14:35,14:40,14:45,14:57",4,Y,4
2026-07-21,RVNL,0,,"12:55,14:57",2,Y,2
2026-07-21,SAIL,0,,"13:37,14:08",2,Y,2
2026-07-21,SBIN,0,,"13:40,13:50,14:11,14:15,15:10,15:15",6,Y,6
2026-07-21,SHREECEM,0,,"09:20,09:25,09:30,09:38,09:42,09:45,13:30,14:00,14:33,14:35,14:40",11,Y,11
2026-07-21,SIEMENS,0,,"10:45,10:50",2,Y,2
2026-07-21,SONACOMS,0,,"14:57,15:01,15:05,15:35,15:37",5,Y,5
2026-07-21,SRF,0,,"09:20,09:25,09:30,09:38,11:11,11:15,11:20,11:42,11:45,12:09,12:12,12:15,12:20,12:25,12:30,12:37,12:40,12:45,12:50,12:55,13:00,13:07,13:11,13:15,13:20,13:25,13:30,13:37,13:40,13:45,14:00,15:01,15:05,15:10,15:35,15:37",36,Y,36
2026-07-21,SUNPHARMA,0,,"09:20,09:25,09:30,09:38,12:09,13:00,13:07,13:30,14:00,14:08",10,Y,10
2026-07-21,SUPREMEIND,0,,"09:42,09:45,09:50,11:11,11:25,11:50,11:55",7,Y,7
2026-07-21,TATACONSUM,0,,14:45,1,Y,1
2026-07-21,TATAELXSI,0,,"12:40,12:45,12:50,13:11,13:15,13:20,15:01,15:05,15:10,15:35,15:37",11,Y,11
2026-07-21,TATAPOWER,0,,"12:55,13:25",2,Y,2
2026-07-21,TATASTEEL,0,,"09:20,09:25,09:30,14:57",4,Y,4
2026-07-21,TCS,0,,15:15,1,Y,1
2026-07-21,TMPV,0,,12:55,1,Y,1
2026-07-21,TRENT,0,,"09:38,12:25,12:30,12:37,12:55,13:00,13:07,13:25,13:30,14:20",10,Y,10
2026-07-21,TVSMOTOR,0,,"14:15,14:20,14:33,14:35,14:40,15:01,15:05,15:10,15:15,15:35,15:37",11,Y,11
2026-07-21,ULTRACEMCO,0,,"10:15,10:20",2,Y,2
2026-07-21,UNITDSPR,0,,"12:15,12:20,12:25,14:33",4,Y,4
2026-07-21,UNOMINDA,0,,15:15,1,Y,1
2026-07-21,UPL,0,,"09:20,09:25,09:30,09:38,09:42,09:45,10:00,10:12,10:20,10:25,10:30,11:11,11:15,11:20,11:45,11:50,12:09,12:12,12:15,12:20,12:25,12:30,12:37,12:40,12:45,12:50,12:55,13:00,13:07,13:11,13:15,13:20,13:25,13:30,14:00",35,Y,35
2026-07-21,VEDL,0,,"12:50,13:11,13:15,13:20,13:50,14:33,14:35,14:40",8,Y,8
2026-07-21,WIPRO,0,,"09:20,09:25,14:00",3,Y,3
2026-07-21,YESBANK,0,,"11:45,11:50",2,Y,2
2026-07-21,ZYDUSLIFE,0,,13:55,1,Y,1
2026-07-22,UNITDSPR,33,"13:31,13:32,13:33,13:34,13:35,13:36,13:37,13:38,13:39,13:40,13:41,14:00,14:05,14:07,14:08,14:09,14:10,14:11,14:30,14:31,14:32,14:33,14:34,14:35,14:36,14:37,14:39,14:40,14:41","12:20,12:25,12:30,12:50,12:55,13:00,13:06,13:10,13:21,13:25,13:48,13:50,14:18,14:24,14:47,14:51,14:55,15:00,15:05,15:17,15:32,15:37",22,,25
2026-07-22,KALYANKJIL,31,"13:40,13:41,14:05,14:07,14:08,14:09,14:10,14:11,14:34,14:35,14:36,14:37,14:39,14:40,14:41,15:03,15:05,15:07,15:09,15:10,15:34,15:36,15:37,15:38,15:40","10:12,10:15,10:39,10:42,10:45,13:25,13:30,13:35,13:48,13:50,13:55,14:00,14:18,14:24,14:25,15:17",16,,18
2026-07-22,PGEL,30,"13:36,13:37,13:38,13:39,13:40,13:41,14:30,14:31,14:32,14:33,14:34,14:35,14:36,14:37,14:39,14:40,14:41,15:00,15:01,15:02,15:03,15:05,15:07,15:09,15:10","09:20,09:41,09:45,09:50,09:55,10:15,10:20,10:39,10:42,10:45,11:15,11:20,12:15,12:20,12:25,12:37,12:40,12:45,12:50,12:55,13:21,13:25,13:30,14:18,14:24,14:47,14:51",27,,30
2026-07-22,BOSCHLTD,24,"13:31,13:32,13:33,13:34,13:35,13:36,13:37,13:38,13:39,13:40,13:41,14:32,14:33,14:34,14:35,14:36,14:37,14:39,14:40,14:41","09:25,09:30,09:36,09:55,10:00,11:25,11:30,11:42,11:55,12:00,12:06,12:10,12:15,12:20,12:25,12:30,12:37,12:40,12:45,12:50,12:55,13:00,13:06,13:10,13:21,13:25,13:48,13:50,13:55,14:24,14:25,14:47,14:51,14:55,15:00,15:05,15:17,15:32,15:37",39,,41
2026-07-22,TATACONSUM,16,"13:31,13:32,13:33,13:34,13:35,13:36,13:37,13:38,13:39,13:40,13:41,14:40,14:41","12:40,12:45,12:50,13:06,13:10,13:21,13:25,13:48,13:50,13:55,14:00,14:05,14:10,14:25,14:30,14:35,15:17,15:32",18,,19
2026-07-22,ONGC,13,"13:31,13:32,13:33,13:34,13:35,13:36,13:37,13:38,13:39,13:40,13:41","09:25,09:30,09:36,09:41,09:45,10:12,10:39,10:42,12:06,12:10,12:20,12:25,12:30,12:37,12:40,12:45,12:50,12:55,13:00,13:06,13:10,13:21,13:25,13:48,13:50,13:55,14:00,14:05",28,,29
2026-07-22,BAJAJ-AUTO,12,"12:54,12:55,12:56,13:00,14:35,14:36,14:37,14:39,14:40,14:41","09:41,09:45,09:50,09:55,10:00,10:12,10:15,10:20,10:25,10:30,10:50,10:55,11:00,11:12,11:15,11:20,11:25,11:30,11:42,11:45,11:50,11:55,12:00,12:06,12:10,12:15,12:20,12:37,12:40,12:45,13:06,13:10,13:21,13:25,13:30,13:35,13:40,13:48,13:50,13:55,14:00,14:05,14:24,14:25,14:30,14:47,14:51,14:55,15:00,15:05,15:10,15:17,15:32",53,,54
2026-07-22,VOLTAS,12,"14:31,14:32,14:33,14:34,14:35,14:36,14:37,14:39,14:40,14:41","10:42,10:45,10:50,11:15,11:20,13:25,13:30,13:35,13:50,13:55,14:00,14:24,14:25,14:47,14:51,14:55",16,,17
2026-07-22,DLF,9,"13:35,13:36,13:37,13:38,13:39,13:40,13:41","10:25,10:30,10:50,10:55,11:00,11:12,11:50,11:55,12:00,12:10,12:15,12:20,12:25,12:55,13:21,13:25,13:30,14:18,14:24,14:25",20,,20
2026-07-22,POLYCAB,7,"12:20,12:23,12:25,12:26,12:29,12:30","10:15,10:20,10:42,10:45,10:50,11:12,11:15,11:45,11:50,12:06,12:10,12:15,12:37,12:40,12:45",15,,15
2026-07-22,ADANIGREEN,6,"14:07,14:08,14:09,14:10,14:11","11:55,12:00,13:25,13:30,13:35,13:50,13:55,14:00,14:18,14:24,14:25,14:30,14:47,14:51,14:55,15:00,15:17,15:32",18,,19
2026-07-22,DELHIVERY,6,"15:05,15:07,15:09,15:10","09:45,09:50,09:55,10:00,10:12,10:15,10:25,10:30,10:39,10:42,10:45,11:50,11:55,12:00,12:06,12:10,12:15,12:20,12:40,12:45,12:50,13:10,13:55,14:00,14:05,14:24,14:47,14:51,14:55,15:00,15:17",31,,31
2026-07-22,INDIGO,4,"11:50,11:51,11:55,12:00","10:12,10:39,10:42,10:45,11:12,11:15,11:42,11:45,12:06,12:10,12:15,12:20,12:25,14:30,14:35,14:40,15:00,15:05",18,,18
2026-07-22,GODREJCP,3,"13:32,13:33,13:34","11:42,12:37,12:40,12:45,13:06,13:10,14:55,15:00,15:05,15:32,15:37",11,,11
2026-07-22,360ONE,0,,"09:36,12:30,13:00,13:06,13:21,13:48,13:50,13:55,14:18,14:47",10,Y,10
2026-07-22,ABB,0,,"09:25,09:30,09:36,11:12,11:42,11:55,12:00,12:06,12:10,13:06,13:48",11,Y,11
2026-07-22,ABCAPITAL,0,,"09:30,12:30,13:00,13:35,14:18,15:17,15:32,15:37",8,Y,8
2026-07-22,ADANIENSOL,0,,"10:12,10:15,11:00,11:12,11:30",5,Y,5
2026-07-22,ADANIENT,0,,13:35,1,Y,1
2026-07-22,ADANIPOWER,0,,"13:40,14:10",2,Y,2
2026-07-22,ALKEM,0,,"09:41,09:45,09:50,09:55,10:00,10:12,10:20,10:25,10:30,10:39,10:42,10:45,13:21,13:25,13:30,14:05,14:10",17,Y,17
2026-07-22,AMBER,0,,"14:05,14:18,14:35,14:47",4,Y,4
2026-07-22,AMBUJACEM,0,,"13:21,13:25,13:30,14:35",4,Y,4
2026-07-22,APLAPOLLO,0,,13:21,1,Y,1
2026-07-22,ASTRAL,0,,"10:12,10:25,10:30,10:39,10:42,10:45,10:50,10:55,11:00,11:12,11:15,11:42,11:45,11:50,11:55,12:00,12:10,12:15,12:20,12:25,12:37,13:50,13:55,14:00,14:18,14:24,14:25,14:30,14:35,14:40,15:17",31,Y,31
2026-07-22,AUBANK,0,,"10:55,11:00,11:12,11:25,11:30,11:42,11:45,11:50,11:55,12:00,12:55,13:21,13:25,13:30,15:37",15,Y,15
2026-07-22,AUROPHARMA,0,,"09:45,09:50,09:55,10:00,10:12,10:15,10:20,10:25,10:30,10:39,10:42,10:45,10:50,10:55,11:00,12:40,12:45,12:50,12:55,13:10,14:24,14:25,14:30,14:51,15:00,15:05",26,Y,26
2026-07-22,AXISBANK,0,,"11:25,11:30",2,Y,2
2026-07-22,BAJAJFINSV,0,,"12:30,13:00,15:10",3,Y,3
2026-07-22,BAJAJHLDNG,0,,"12:25,12:37,13:25,13:30,13:35",5,Y,5
2026-07-22,BANDHANBNK,0,,"09:50,09:55,10:00,10:12,10:15,10:20,10:25,10:30,10:39,10:42,10:45,10:50,10:55,11:00,11:12,11:15,11:20,11:25,11:30,11:42,11:45,11:50,11:55,12:00,12:06,12:10,12:15,12:37,12:40,12:45,14:55,15:00,15:05",33,Y,33
2026-07-22,BANKBARODA,0,,"09:20,09:25,13:06,14:00",4,Y,4
2026-07-22,BANKINDIA,0,,"09:50,09:55,10:00,10:12,10:15,10:25,10:30,10:39,10:50,10:55,11:00,11:12,11:15,11:20,11:25,11:30",16,Y,16
2026-07-22,BDL,0,,"11:25,11:30,13:35,15:37",4,Y,4
2026-07-22,BEL,0,,14:40,1,Y,1
2026-07-22,BHARATFORG,0,,13:40,1,Y,1
2026-07-22,BHEL,0,,"09:25,09:30,09:41,09:45,09:50,09:55,10:00,10:25,10:30,10:39,10:42,10:45,12:30,14:18,15:17",15,Y,15
2026-07-22,BLUESTARCO,0,,"11:25,11:30,11:42,13:35,13:50,13:55,14:00,14:51",8,Y,8
2026-07-22,BPCL,0,,"11:25,11:30,12:20,15:37",4,Y,4
2026-07-22,BRITANNIA,0,,"11:12,11:20,11:25,11:30,11:42,11:55,12:00,12:06,13:48,15:17",10,Y,10
2026-07-22,CAMS,0,,"10:00,10:12,10:55,11:00,11:12,11:25,11:30,11:42,12:00,12:15,12:20,12:25,14:05,14:30,14:35",15,Y,15
2026-07-22,CANBK,0,,13:35,1,Y,1
2026-07-22,CDSL,0,,"09:41,09:45,09:50,09:55,10:00,10:55,11:00",7,Y,7
2026-07-22,CGPOWER,0,,"10:25,10:30",2,Y,2
2026-07-22,CHOLAFIN,0,,"11:25,11:30,11:42,11:55,12:00,14:40",6,Y,6
2026-07-22,CIPLA,0,,"09:25,09:41,09:45,12:37",4,Y,4
2026-07-22,COALINDIA,0,,"14:24,14:35",2,Y,2
2026-07-22,COCHINSHIP,0,,15:10,1,Y,1
2026-07-22,COLPAL,0,,"15:00,15:05,15:32,15:37",4,Y,4
2026-07-22,CONCOR,0,,"09:45,10:50,10:55,11:00",4,Y,4
2026-07-22,CROMPTON,0,,"10:55,11:00,11:12,11:42,11:45",5,Y,5
2026-07-22,CUMMINSIND,0,,"10:25,10:30,11:00,15:10",4,Y,4
2026-07-22,DABUR,0,,15:17,1,Y,1
2026-07-22,DALBHARAT,0,,"13:21,13:48,14:47,14:51",4,Y,4
2026-07-22,DIVISLAB,0,,"11:25,11:30,12:25,12:55,13:48,14:47,14:51,15:17",8,Y,8
2026-07-22,DIXON,0,,"12:55,14:05,14:25,14:30,14:35,14:47",6,Y,6
2026-07-22,DMART,0,,"10:00,10:12,10:25,10:30,10:39,10:55,11:00,11:12,11:20,11:25,11:30,14:05,14:25,14:30,14:35,14:55,15:00,15:05",18,Y,18
2026-07-22,DRREDDY,0,,"10:55,11:00,11:55,12:00,14:24",5,Y,5
2026-07-22,EICHERMOT,0,,"12:15,12:20,12:25",3,Y,3
2026-07-22,ETERNAL,0,,"13:21,13:48,13:50,13:55,14:18,14:47",6,Y,6
2026-07-22,FEDERALBNK,0,,"13:55,14:00,14:05",3,Y,3
2026-07-22,FORTIS,0,,"09:20,10:00,10:12,14:35,14:40",5,Y,5
2026-07-22,GLENMARK,0,,"09:20,09:25,09:30,09:36,09:41,09:45,09:50,09:55,10:00,10:12,10:15,10:20,10:25,10:30,10:39,12:30,12:37,13:00,14:35,14:40,15:32,15:37",22,Y,22
2026-07-22,GMRAIRPORT,0,,"14:00,15:17",2,Y,2
2026-07-22,GODREJPROP,0,,"09:20,09:36,09:41,10:50,10:55,11:00,11:12,11:15,11:50,11:55,12:00,12:06,12:10,12:15,12:40,12:45,12:50,14:30,14:35,14:40,14:55,15:00,15:05,15:32,15:37",25,Y,25
2026-07-22,GRASIM,0,,"09:30,09:36,11:50,11:55,12:00,13:00,14:05",7,Y,7
2026-07-22,HAL,0,,"09:20,09:36,10:45,10:50,10:55,11:00,11:12",7,Y,7
2026-07-22,HAVELLS,0,,"09:20,13:48,13:50,13:55,14:18",5,Y,5
2026-07-22,HDFCBANK,0,,"09:25,09:30,09:36,10:25,10:30,11:20,11:25,11:30,12:30,13:00",10,Y,10
2026-07-22,HEROMOTOCO,0,,"09:25,09:41,14:05",3,Y,3
2026-07-22,HINDALCO,0,,"09:50,09:55,10:00,10:55,11:00",5,Y,5
2026-07-22,HINDPETRO,0,,"09:55,10:00,10:12,10:25,10:30,10:55,11:00,15:10",8,Y,8
2026-07-22,HINDUNILVR,0,,"11:25,11:30,11:55,12:00,12:20,12:40,12:45,12:50,13:10,14:55,15:00,15:05,15:37",13,Y,13
2026-07-22,HINDZINC,0,,"09:25,09:30,09:36,09:41,09:45,09:55,10:00,10:20,10:25,10:30,11:50,11:55,12:00,13:35,13:40",15,Y,15
2026-07-22,ICICIPRULI,0,,"09:50,09:55,10:00,11:42,11:55,12:00",6,Y,6
2026-07-22,IEX,0,,"09:25,09:30,12:37,14:18,14:47",5,Y,5
2026-07-22,INDHOTEL,0,,"09:50,09:55,10:00,11:20,11:25,11:30",6,Y,6
2026-07-22,INDIANB,0,,"09:25,09:30,09:36,09:41,11:12,11:42,11:45,12:06,12:10,12:20,12:25,12:30,12:37,12:40,12:50,12:55,13:00,13:06,13:10,13:21,13:25,13:30",22,Y,22
2026-07-22,INDUSINDBK,0,,15:37,1,Y,1
2026-07-22,INDUSTOWER,0,,"11:42,14:35,15:32",3,Y,3
2026-07-22,INFY,0,,"09:20,11:55,12:00",3,Y,3
2026-07-22,INOXWIND,0,,"10:12,12:25",2,Y,2
2026-07-22,IREDA,0,,13:35,1,Y,1
2026-07-22,IRFC,0,,09:20,1,Y,1
2026-07-22,JINDALSTEL,0,,"10:20,10:25,10:30,11:50,11:55,12:00,12:55,13:00",8,Y,8
2026-07-22,JIOFIN,0,,"12:55,13:10,15:05",3,Y,3
2026-07-22,JSWENERGY,0,,"11:12,12:06,12:10,12:15,12:37,12:40,13:06,13:10,13:55,14:00,14:05,14:25,14:30,14:35",14,Y,14
2026-07-22,JSWSTEEL,0,,"10:12,10:39,10:50,10:55,11:15,11:20,11:25",7,Y,7
2026-07-22,JUBLFOOD,0,,15:10,1,Y,1
2026-07-22,KAYNES,0,,14:18,1,Y,1
2026-07-22,KEI,0,,"10:42,10:45,10:50,11:15,11:20,11:42,11:45,14:05,14:10",9,Y,9
2026-07-22,LAURUSLABS,0,,09:20,1,Y,1
2026-07-22,LICHSGFIN,0,,"11:42,11:45",2,Y,2
2026-07-22,LODHA,0,,"10:15,10:20,12:15,12:20,12:25,14:30,14:35,14:51,15:32",9,Y,9
2026-07-22,LTF,0,,14:35,1,Y,1
2026-07-22,LTM,0,,"09:20,13:06,14:00,14:05",4,Y,4
2026-07-22,LUPIN,0,,"09:41,09:45,09:50,10:15,10:20,10:39,10:42,10:45,10:50,12:10,12:15,12:20,12:40,12:45,12:50,13:10,14:55,15:00,15:05,15:32,15:37",21,Y,21
2026-07-22,M&M,0,,"09:20,14:05",2,Y,2
2026-07-22,MANAPPURAM,0,,"09:30,10:20,10:25,10:30,10:50,10:55,11:00,12:25,12:30",9,Y,9
2026-07-22,MANKIND,0,,"10:15,10:20",2,Y,2
2026-07-22,MARICO,0,,"12:50,13:21,13:25,13:30,13:48,15:17",6,Y,6
2026-07-22,MARUTI,0,,"10:45,10:50,10:55,15:10",4,Y,4
2026-07-22,MAXHEALTH,0,,"09:20,09:25,09:30,12:30,13:00,15:37",6,Y,6
2026-07-22,MAZDOCK,0,,"09:36,12:30,13:00,14:40,15:32,15:37",6,Y,6
2026-07-22,MCX,0,,"13:06,14:24,14:30,14:51",4,Y,4
2026-07-22,MFSL,0,,13:35,1,Y,1
2026-07-22,MOTHERSON,0,,"09:20,10:15,10:20,11:42,11:45,14:40",6,Y,6
2026-07-22,MPHASIS,0,,"11:12,11:15,12:45,12:50,12:55,13:06,13:10,13:21,13:25,13:30,15:00,15:05,15:10",13,Y,13
2026-07-22,MUTHOOTFIN,0,,"09:41,09:45,09:50,15:10",4,Y,4
2026-07-22,NATIONALUM,0,,14:40,1,Y,1
2026-07-22,NAUKRI,0,,"09:25,09:30,11:25,11:30,12:06,12:30,13:00,13:06,13:21",9,Y,9
2026-07-22,NBCC,0,,"09:20,11:12,13:10",3,Y,3
2026-07-22,NESTLEIND,0,,"10:39,10:42,10:45,11:15,11:20,11:42,11:45,14:55,15:00,15:05,15:32,15:37",12,Y,12
2026-07-22,NHPC,0,,"09:50,09:55,10:00,10:12,10:20,10:25,10:30,10:39,11:20,11:25,11:30,13:50,14:00,14:24,14:25,14:30,14:51,14:55,15:00",19,Y,19
2026-07-22,NMDC,0,,"09:25,09:30,09:36,09:41,13:00",5,Y,5
2026-07-22,NTPC,0,,"09:30,15:05,15:37",3,Y,3
2026-07-22,NYKAA,0,,"10:15,14:35,14:51",3,Y,3
2026-07-22,OBEROIRLTY,0,,"12:25,12:55,13:25,13:30,13:35",5,Y,5
2026-07-22,OFSS,0,,"12:25,12:45,12:50,12:55,13:10,13:50,13:55,14:00,14:24,14:25,14:30,14:47,14:51,14:55,15:00,15:05,15:10,15:17",18,Y,18
2026-07-22,OIL,0,,"09:41,09:45,09:50,10:12,10:15,10:20,10:39,10:42,10:45,10:50,12:06,12:10,12:15,14:55,15:00,15:05",16,Y,16
2026-07-22,PAGEIND,0,,14:47,1,Y,1
2026-07-22,PATANJALI,0,,13:40,1,Y,1
2026-07-22,PAYTM,0,,"09:20,14:40",2,Y,2
2026-07-22,PERSISTENT,0,,"11:15,11:20",2,Y,2
2026-07-22,PETRONET,0,,"11:15,11:20,12:06,12:10,12:15,12:40,12:45,12:50,13:06,13:10,13:25,13:30,13:35,13:48,13:50,13:55,14:00,15:32",18,Y,18
2026-07-22,PFC,0,,12:55,1,Y,1
2026-07-22,PHOENIXLTD,0,,14:10,1,Y,1
2026-07-22,PIDILITIND,0,,09:20,1,Y,1
2026-07-22,PIIND,0,,"11:15,11:20,11:45,11:50,12:37,12:40,12:45,12:50,12:55,13:06,13:10,13:21,13:48,15:17",14,Y,14
2026-07-22,PNB,0,,"12:06,12:30,12:37",3,Y,3
2026-07-22,PNBHOUSING,0,,15:10,1,Y,1
2026-07-22,POWERGRID,0,,09:20,1,Y,1
2026-07-22,POWERINDIA,0,,15:10,1,Y,1
2026-07-22,PREMIERENE,0,,"10:15,10:20,10:39,10:42,10:45,11:15,11:20,14:55,15:00,15:05",10,Y,10
2026-07-22,PRESTIGE,0,,"09:20,09:36,09:41,09:45,11:45,11:50,12:06,12:10,12:15,12:20,12:25,12:37,12:40,12:45,12:50,12:55,13:50,13:55,14:00,14:24,14:25,14:30,14:51",23,Y,23
2026-07-22,RBLBANK,0,,"11:45,11:50,14:18,14:24,14:25,14:47,14:51,14:55,15:17",9,Y,9
2026-07-22,RECLTD,0,,14:18,1,Y,1
2026-07-22,RVNL,0,,"09:25,09:30,13:35",3,Y,3
2026-07-22,SAIL,0,,"09:25,09:30,09:36,09:41,09:45,12:30,13:00,13:06,14:18,15:17",10,Y,10
2026-07-22,SBICARD,0,,"09:25,11:15,11:20,11:45,11:50,12:40,13:06,13:10,15:05",9,Y,9
2026-07-22,SBIN,0,,"13:55,14:00,14:05,14:35",4,Y,4
2026-07-22,SHREECEM,0,,13:06,1,Y,1
2026-07-22,SHRIRAMFIN,0,,"09:36,13:00,15:10",3,Y,3
2026-07-22,SIEMENS,0,,"09:36,09:41,09:45",3,Y,3
2026-07-22,SOLARINDS,0,,14:05,1,Y,1
2026-07-22,SONACOMS,0,,"09:20,09:25,09:30",3,Y,3
2026-07-22,SRF,0,,"11:50,12:10,12:20,12:40,12:45,12:50,13:10",7,Y,7
2026-07-22,SUPREMEIND,0,,"13:21,13:25,13:30,13:48,13:50,14:18,14:24,14:25,14:47,14:51,14:55,15:17",12,Y,12
2026-07-22,SWIGGY,0,,"14:05,14:10,14:25,14:30,14:35",5,Y,5
2026-07-22,TATASTEEL,0,,"14:35,14:51",2,Y,2
2026-07-22,TCS,0,,14:18,1,Y,1
2026-07-22,TIINDIA,0,,"14:24,14:47",2,Y,2
2026-07-22,TITAN,0,,"09:45,09:50,09:55,10:15,10:42,11:15,14:00",7,Y,7
2026-07-22,TORNTPHARM,0,,13:35,1,Y,1
2026-07-22,TRENT,0,,"12:30,12:37,12:55,13:00,13:35",5,Y,5
2026-07-22,TVSMOTOR,0,,"09:45,09:50,09:55,10:15,10:20,10:39,11:15,11:20,11:45,11:50,12:06,12:10,12:15,12:20,12:25,15:32,15:37",17,Y,17
2026-07-22,ULTRACEMCO,0,,"11:45,11:50,11:55,14:40",4,Y,4
2026-07-22,UNIONBANK,0,,"09:25,09:30,10:50,11:20,11:45,11:50,12:06,12:10,12:15,12:20,12:25,12:30,12:37,15:32,15:37",15,Y,15
2026-07-22,UNOMINDA,0,,"15:32,15:37",2,Y,2
2026-07-22,UPL,0,,"12:06,12:30,12:37,13:00,13:48,13:50,14:47",7,Y,7
2026-07-22,VBL,0,,"09:41,13:48,13:50,14:18",4,Y,4
2026-07-22,VEDL,0,,"09:50,09:55,10:00,10:20,10:25,10:30,12:30,13:00,13:35",9,Y,9
2026-07-22,YESBANK,0,,"10:15,10:20,10:42,10:45,10:50,11:45,11:50,12:45,12:50,12:55,15:10",11,Y,11
2026-07-22,ZYDUSLIFE,0,,"10:42,10:45,10:50",3,Y,3
2026-07-23,SBILIFE,18,"13:25,13:26,13:27,13:28,13:58,15:48,15:49,15:50,15:51,15:52,15:54,15:55,15:56,15:57,15:58","12:55,13:11,13:15,13:20,13:38,13:40,14:05,14:11,14:15,14:20,14:37,14:41,14:45,15:07,15:11,15:15,15:42",17,,18
2026-07-23,ETERNAL,17,"11:39,11:40,11:42,11:43,11:44,11:45,11:46,11:47,11:48","10:37,10:40,10:45,11:15,11:20,14:05",6,,6
2026-07-23,HCLTECH,16,"14:20,14:21,14:22,14:23,14:24,14:25,14:26,15:45,15:46,15:47,15:48","12:20,12:25,12:36,12:41,12:45,13:15,13:20,13:25,14:05,14:11,14:15,14:37,14:41,14:45,14:50,14:55",16,,18
2026-07-23,BAJAJ-AUTO,14,"12:47,12:48,13:53,13:54,13:55,13:56,13:57,13:58,15:54,15:55,15:56,15:57,15:58","09:45,10:37,10:40,10:45,11:15,11:20,11:25,11:47,11:50,12:11,12:15,12:20,12:25,13:40,13:45,14:11,14:15,14:20,14:37,14:41,15:07,15:11,15:15,15:42",24,,26
2026-07-23,PAGEIND,13,"12:45,12:46,12:47,12:48,12:50,12:52,12:53,12:54,12:55,12:57,12:58","12:15,12:20,12:25,12:36,13:06,13:11,13:15,13:20,13:25,14:45,14:50,14:55,15:15",13,,15
2026-07-23,PATANJALI,13,"14:49,14:50,14:51,14:52,14:53,14:54,14:55,14:56,14:57,14:58,14:59","09:25,09:30,09:36,11:25,11:47,11:50,12:15,12:20,12:25,14:15,14:20,14:25,14:37,14:41,15:07,15:11",16,,17
2026-07-23,PETRONET,12,"12:54,12:55,12:56,12:57,12:58,13:20,13:25,13:26,13:27,13:28","10:07,10:10,10:15,10:20,10:37,10:40,10:45,11:20,11:25,11:47,11:50,12:11,12:41,12:45,13:06,13:11,13:15",17,,18
2026-07-23,KAYNES,9,"11:27,11:28,11:29,11:30,11:31,11:32,11:33,11:51","09:41,09:51,10:10,10:15,10:20,10:40,10:45,10:50,11:15,11:20,13:50,13:55,14:11,14:15,14:20,14:25,14:37",17,,18
2026-07-23,BAJAJHLDNG,8,"12:52,12:53,12:54,12:55,12:56,12:57,12:58","10:07,10:10,10:15,10:20,10:37,10:45,11:15,12:11,12:15,12:20,12:25,12:36,12:41,12:45,13:06,13:11,13:38,13:40,13:45,14:05,14:11,14:15,14:20,14:37,14:41,15:15,15:42",27,,29
2026-07-23,BANDHANBNK,6,"11:51,14:23,14:24,14:25,14:26","09:45,09:51,10:25,10:37,10:40,11:15,11:20,11:25,12:15,12:20,12:25,12:36,12:41,12:45,13:06,13:11,13:15,13:20,13:25,13:38,13:40,13:45,14:11,14:15,14:37,14:41,14:45,14:50,14:55,15:07,15:11,15:15",32,,33
2026-07-23,HINDPETRO,6,"12:54,12:55,12:56,12:57,12:58","09:21,09:41,09:45,09:51,09:55,10:10,10:15,10:20,10:40,10:45,11:20,11:25,11:47,11:50,12:11,12:15,12:20,12:36,12:41,12:45,14:37,14:41,14:45",23,,24
2026-07-23,MCX,5,"13:25,13:26,13:27,13:28","10:37,10:40,11:47,11:50,11:55,12:00,12:11,12:15,12:20,12:25,12:36,12:41,12:45,12:50,12:55,13:11,13:20,13:38,13:40,14:05,14:11,14:15,14:20,14:25",24,,24
2026-07-23,DMART,4,"11:51,11:55,12:00,12:03","09:25,09:30,09:36,09:41,09:45,09:51,09:55,10:07,10:37,11:15,11:20,13:45,13:50,13:55",14,,16
2026-07-23,360ONE,0,,"09:30,10:00,11:30,11:55,12:00,12:05",6,Y,6
2026-07-23,ABB,0,,"09:21,09:25,09:30,09:51,09:55,10:00,10:07,10:37,11:15,11:30,11:47,11:50,12:05,14:05",14,Y,14
2026-07-23,ABCAPITAL,0,,"09:25,09:30,09:36,09:41,09:45,09:51,09:55,10:00,12:05,12:11,12:20,12:25,12:55,13:06,13:38,13:40,13:45,13:50,13:55,14:37,15:11,15:15",22,Y,22
2026-07-23,ADANIENSOL,0,,"10:00,10:20,10:37,10:40,10:45,12:05,12:36,13:06,13:11,13:15,13:20,13:25,13:38,13:40,13:45,14:05,14:11,14:15,14:20,14:37,14:41,14:45",22,Y,22
2026-07-23,ADANIENT,0,,"09:41,09:51,09:55,10:00,10:07,10:37,10:40,10:45,10:50,12:05,12:11,12:36,12:41,12:45,12:50,13:06,13:11,13:15,13:38,13:40,13:45,14:05,14:11,14:15,14:20,14:45,14:50,14:55",28,Y,28
2026-07-23,ADANIGREEN,0,,"09:41,09:45,09:51,09:55,10:00,10:07,10:10,10:15,10:37,10:40,10:45,10:50,12:00,12:05,12:41,12:45,12:50,13:06,13:11,13:15,13:20,13:25,13:38,13:40,13:45,13:50,14:05,14:11,14:15,14:20,15:07,15:11,15:15",33,Y,33
2026-07-23,ADANIPORTS,0,,"10:00,10:37,10:45,10:50,12:05,14:05,14:25,14:50,14:55,15:07,15:11",11,Y,11
2026-07-23,ADANIPOWER,0,,"09:25,09:41,10:00,10:45,10:50,10:55,12:05,13:50,14:05,14:11,14:15,14:20,14:25,14:37,14:41,14:50",16,Y,16
2026-07-23,ALKEM,0,,"10:00,10:37,10:45,12:05,12:36,12:55,13:06,13:11,13:20,14:25",10,Y,10
2026-07-23,AMBER,0,,"10:00,12:05,12:25,12:55,13:25",5,Y,5
2026-07-23,AMBUJACEM,0,,"11:30,11:55,12:05,13:55",4,Y,4
2026-07-23,APLAPOLLO,0,,"09:45,09:51,09:55,10:07,10:37,15:07",6,Y,6
2026-07-23,APOLLOHOSP,0,,13:55,1,Y,1
2026-07-23,ASIANPAINT,0,,"10:50,10:55,13:55",3,Y,3
2026-07-23,ASTRAL,0,,13:55,1,Y,1
2026-07-23,AUBANK,0,,"11:30,11:55,12:36,13:45,13:50,13:55",6,Y,6
2026-07-23,AXISBANK,0,,13:38,1,Y,1
2026-07-23,BAJAJFINSV,0,,"12:36,12:41",2,Y,2
2026-07-23,BAJFINANCE,0,,15:42,1,Y,2
2026-07-23,BANKBARODA,0,,"11:15,13:25",2,Y,2
2026-07-23,BANKINDIA,0,,"11:15,11:20,11:25,12:55,13:50",5,Y,5
2026-07-23,BDL,0,,"09:30,09:36",2,Y,2
2026-07-23,BEL,0,,11:15,1,Y,1
2026-07-23,BHARTIARTL,0,,"10:37,11:15,11:25,12:55",4,Y,4
2026-07-23,BHEL,0,,"09:30,13:25,13:50,13:55",4,Y,4
2026-07-23,BIOCON,0,,"09:36,09:51,10:07,12:36",4,Y,4
2026-07-23,BLUESTARCO,0,,"11:15,12:00",2,Y,2
2026-07-23,BOSCHLTD,0,,"10:37,10:40,11:15,11:20,11:47,11:50,12:11,14:41,14:45,14:50,15:11,15:15,15:42",13,Y,14
2026-07-23,BPCL,0,,"09:21,09:41,09:45,09:51,09:55,10:07,10:10,10:15,10:37,10:40,11:30,12:36,12:41,12:45",14,Y,14
2026-07-23,BRITANNIA,0,,"14:05,14:25,14:41",3,Y,3
2026-07-23,BSE,0,,"11:15,12:11,12:36,15:42",4,Y,5
2026-07-23,CAMS,0,,"12:55,13:50,14:05",3,Y,3
2026-07-23,CANBK,0,,"11:15,13:55",2,Y,2
2026-07-23,CGPOWER,0,,"11:30,11:55,14:41,14:45,14:50,15:11,15:15,15:42",8,Y,9
2026-07-23,CHOLAFIN,0,,13:55,1,Y,1
2026-07-23,CIPLA,0,,"09:25,09:30,09:36,12:00,12:11,12:15,12:20,12:36,12:41,12:45,12:50,13:06,13:38,13:40,13:45,15:11,15:15",17,Y,17
2026-07-23,COALINDIA,0,,"11:15,12:36",2,Y,2
2026-07-23,COCHINSHIP,0,,"09:21,12:11,12:15,12:20,12:36,12:41,12:45,13:06,13:11,13:15,13:38,13:40,13:45,14:05,14:11,14:15,15:07,15:11,15:15,15:42",20,Y,21
2026-07-23,COFORGE,0,,15:42,1,Y,2
2026-07-23,COLPAL,0,,"09:21,13:15,13:20,13:25,14:55",5,Y,5
2026-07-23,CROMPTON,0,,"11:15,11:20",2,Y,2
2026-07-23,CUMMINSIND,0,,"12:00,13:50,14:05,14:55",4,Y,4
2026-07-23,DELHIVERY,0,,"09:21,09:25,13:45,13:50,13:55",5,Y,5
2026-07-23,DIVISLAB,0,,"09:30,09:36",2,Y,2
2026-07-23,DRREDDY,0,,"09:21,09:45,09:51,09:55,10:07,10:10,10:15,10:20",8,Y,8
2026-07-23,EICHERMOT,0,,"11:15,11:20,11:47,11:50,12:11,12:15,12:20,14:05,14:11,14:15",10,Y,10
2026-07-23,FEDERALBNK,0,,14:25,1,Y,1
2026-07-23,GAIL,0,,10:50,1,Y,1
2026-07-23,GLENMARK,0,,14:05,1,Y,1
2026-07-23,GMRAIRPORT,0,,"09:21,09:55,10:07,10:10,10:15,11:30,13:25,14:37,14:41,15:07,15:11,15:15",12,Y,12
2026-07-23,GODREJCP,0,,"09:21,13:55,15:07",3,Y,3
2026-07-23,GODREJPROP,0,,"09:25,09:30,09:36,11:55,12:00,12:55,13:50,13:55",8,Y,8
2026-07-23,GRASIM,0,,"09:30,09:36,14:05,14:55",4,Y,4
2026-07-23,HAL,0,,14:55,1,Y,1
2026-07-23,HDFCAMC,0,,"11:55,15:07",2,Y,2
2026-07-23,HDFCBANK,0,,10:25,1,Y,1
2026-07-23,HDFCLIFE,0,,12:36,1,Y,1
2026-07-23,HEROMOTOCO,0,,"09:55,10:07,10:10,10:15,10:37,10:40,11:15,11:20,11:25,11:47,11:50,12:11,12:15,12:20,12:25,15:15",16,Y,16
2026-07-23,HINDALCO,0,,"09:25,09:30,09:41,09:45,09:51,09:55,14:37,15:07",8,Y,8
2026-07-23,HINDUNILVR,0,,"10:50,10:55",2,Y,2
2026-07-23,HYUNDAI,0,,"10:07,10:37,10:40,11:20,11:25,12:11,12:15,12:20,12:25",9,Y,9
2026-07-23,ICICIBANK,0,,11:55,1,Y,1
2026-07-23,ICICIGI,0,,"10:25,11:55,12:41,12:45,12:50,13:06,13:11,13:15,14:45,14:50,14:55,15:42",12,Y,13
2026-07-23,ICICIPRULI,0,,"12:50,12:55",2,Y,2
2026-07-23,IDEA,0,,"09:21,09:45,09:51,09:55,10:07,10:10,10:15,10:20,10:37,10:40,13:38,13:45,14:45,14:50,14:55,15:15,15:42",17,Y,18
2026-07-23,IEX,0,,"09:36,09:41",2,Y,2
2026-07-23,INDHOTEL,0,,"10:25,11:30,13:11,13:20,14:11,14:25",6,Y,6
2026-07-23,INDIANB,0,,12:55,1,Y,1
2026-07-23,INDIGO,0,,"09:30,09:36,09:55,15:07",4,Y,4
2026-07-23,INDUSINDBK,0,,"09:21,09:25,09:41,09:45,09:51,09:55,10:07,10:10,10:15,10:20,10:40,10:50,10:55,11:20,11:25,11:47,11:50,12:11,12:15,12:20,12:41,12:45,12:50,12:55,13:06,13:11,13:15,13:20,13:38,13:40,14:15,14:20,14:25,14:37",34,Y,34
2026-07-23,INDUSTOWER,0,,"14:25,14:41,14:50",3,Y,3
2026-07-23,IOC,0,,11:55,1,Y,1
2026-07-23,IREDA,0,,"09:30,09:36",2,Y,2
2026-07-23,JSWENERGY,0,,09:41,1,Y,1
2026-07-23,JSWSTEEL,0,,"13:25,14:25",2,Y,2
2026-07-23,JUBLFOOD,0,,09:30,1,Y,1
2026-07-23,KALYANKJIL,0,,10:25,1,Y,1
2026-07-23,KEI,0,,09:25,1,Y,1
2026-07-23,KFINTECH,0,,15:07,1,Y,1
2026-07-23,KOTAKBANK,0,,"10:50,11:30,13:15,13:20,13:25,14:11,14:20,14:25",8,Y,8
2026-07-23,KPITTECH,0,,"10:50,11:30,13:40,13:45,13:50,14:11,14:15,14:20",8,Y,8
2026-07-23,LICHSGFIN,0,,13:06,1,Y,1
2026-07-23,LODHA,0,,"09:21,09:25,09:41,11:47,11:50,12:41,12:50,13:11,13:15,13:20,13:40,13:45,13:50",13,Y,13
2026-07-23,LT,0,,13:55,1,Y,1
2026-07-23,LTF,0,,"09:21,09:25,09:30,09:36,09:41,09:45",6,Y,6
2026-07-23,LTM,0,,"09:21,09:25",2,Y,2
2026-07-23,LUPIN,0,,"09:21,13:06,13:38",3,Y,3
2026-07-23,M&M,0,,"10:40,10:45,11:15,11:20,11:25,11:47,11:50,12:11,14:41,14:45,14:50,15:11,15:15",13,Y,13
2026-07-23,MANAPPURAM,0,,"10:10,10:15,10:20,11:47,11:55,12:00,12:11,12:15,12:20,12:25,12:45,12:50,12:55,14:15,14:20,14:25,14:37,14:41,14:50,14:55",20,Y,20
2026-07-23,MANKIND,0,,"10:50,14:37,15:07",3,Y,3
2026-07-23,MARICO,0,,"09:21,09:25,12:55",3,Y,3
2026-07-23,MAXHEALTH,0,,"12:50,14:25,14:55",3,Y,3
2026-07-23,MOTHERSON,0,,"10:45,11:20,11:25,11:50,11:55,12:11,13:38,13:40,13:45,15:42",10,Y,11
2026-07-23,MPHASIS,0,,"11:47,11:50,12:15,12:20,12:25,13:20,13:25,15:42",8,Y,9
2026-07-23,NATIONALUM,0,,"09:45,09:51,09:55,13:45,13:50,13:55,14:25",7,Y,7
2026-07-23,NAUKRI,0,,"09:30,09:36,09:41,09:45,10:07,10:10,10:15,10:20,11:20,11:25,11:47,11:50,12:45,12:50,12:55,13:11,13:15,13:20",18,Y,18
2026-07-23,NBCC,0,,11:30,1,Y,1
2026-07-23,NESTLEIND,0,,"09:21,09:36,09:41,09:45,10:07,10:10,10:15,10:20,10:40,10:45,11:47,11:50,12:15,12:20,12:25,13:15,13:20,13:25,14:11,14:15,14:20,14:37,14:41,14:45,15:42",25,Y,26
2026-07-23,NTPC,0,,"09:25,13:25",2,Y,2
2026-07-23,OBEROIRLTY,0,,09:36,1,Y,1
2026-07-23,OFSS,0,,"10:10,10:15,10:20,11:47,11:50,12:11,12:15,12:20,12:55",9,Y,9
2026-07-23,OIL,0,,"09:45,09:51,09:55,10:07,10:10,10:15,10:20,10:40,10:45,10:50,12:00,12:41,12:45,12:50,13:06,13:11,13:15,13:38,13:40,13:45,13:50,14:05,14:11,14:15,14:37,14:41,14:45,14:50,14:55,15:07,15:11,15:15,15:42",33,Y,34
2026-07-23,ONGC,0,,"09:41,12:50,13:06,13:11,13:40,13:50",6,Y,6
2026-07-23,PGEL,0,,"09:45,09:51,09:55,10:10,10:15,10:20,10:50,11:25",8,Y,8
2026-07-23,PHOENIXLTD,0,,"11:55,12:00",2,Y,2
2026-07-23,PIDILITIND,0,,"11:55,12:15,12:25,14:50,14:55",5,Y,5
2026-07-23,PIIND,0,,"10:20,10:50,14:55",3,Y,3
2026-07-23,POLICYBZR,0,,"09:30,09:36,11:20,11:25,11:55,14:25",6,Y,6
2026-07-23,POLYCAB,0,,"12:25,14:55",2,Y,2
2026-07-23,POWERGRID,0,,12:00,1,Y,1
2026-07-23,POWERINDIA,0,,"10:45,13:38",2,Y,2
2026-07-23,PREMIERENE,0,,10:20,1,Y,1
2026-07-23,PRESTIGE,0,,"09:41,13:25,14:11,14:20,14:37,14:41,14:45,15:07,15:11,15:15",10,Y,10
2026-07-23,RBLBANK,0,,"11:55,12:00,12:36",3,Y,3
2026-07-23,RVNL,0,,"12:25,12:41,12:45,12:50",4,Y,4
2026-07-23,SAIL,0,,"09:25,13:55",2,Y,2
2026-07-23,SBICARD,0,,"09:30,13:06,13:38",3,Y,3
2026-07-23,SHREECEM,0,,"09:25,09:41,10:20,12:41,12:45,12:50,14:20,14:25",8,Y,8
2026-07-23,SHRIRAMFIN,0,,"10:10,10:15,10:20,10:50,12:25,13:06,14:45,14:50,14:55,15:15",10,Y,10
2026-07-23,SIEMENS,0,,"10:50,11:25,11:55,13:40,13:50,14:20,15:07",7,Y,7
2026-07-23,SOLARINDS,0,,09:36,1,Y,1
2026-07-23,SONACOMS,0,,"10:45,13:25,15:42",3,Y,4
2026-07-23,SRF,0,,"09:21,09:25,09:36,11:20,11:25,11:47,11:50,12:11,12:15,12:20,12:25,12:36,12:41,12:45,12:50,13:06,13:11,13:15,13:20,13:38,13:40,13:45,14:05,14:11,14:15,14:45,14:50,14:55,15:07,15:11,15:42",31,Y,32
2026-07-23,SUNPHARMA,0,,"14:37,15:07",2,Y,2
2026-07-23,SUPREMEIND,0,,13:20,1,Y,1
2026-07-23,TATASTEEL,0,,"12:00,13:55",2,Y,2
2026-07-23,TCS,0,,"12:25,13:15,13:20,13:25,14:41,14:45,14:50,15:11,15:15,15:42",10,Y,11
2026-07-23,TIINDIA,0,,"14:25,15:11,15:15,15:42",4,Y,5
2026-07-23,TITAN,0,,"09:21,09:25,10:50",3,Y,3
2026-07-23,TMPV,0,,13:55,1,Y,1
2026-07-23,TORNTPHARM,0,,"11:55,12:00",2,Y,2
2026-07-23,TVSMOTOR,0,,"09:30,10:50",2,Y,2
2026-07-23,ULTRACEMCO,0,,"09:45,09:51,09:55",3,Y,3
2026-07-23,UNIONBANK,0,,"11:20,11:25",2,Y,2
2026-07-23,UNITDSPR,0,,"09:21,09:36,09:41,10:07,10:10,10:15,10:20,10:45",8,Y,8
2026-07-23,UNOMINDA,0,,"11:30,11:47,11:50,11:55",4,Y,4
2026-07-23,UPL,0,,14:55,1,Y,1
2026-07-23,VEDL,0,,"09:45,09:51,09:55,10:07,10:10,10:15,10:20,10:40,10:45,10:50,11:25,14:45,14:50,15:11",14,Y,14
2026-07-23,VOLTAS,0,,10:55,1,Y,1
2026-07-23,WAAREEENER,0,,"12:15,12:55,13:11,13:15,13:20,13:45,13:50,13:55,15:11",9,Y,9
2026-07-23,WIPRO,0,,"11:55,12:50,13:38,13:40,14:20,14:25,14:50",7,Y,7
2026-07-24,ICICIGI,69,"11:12,11:13,11:14,11:15,11:16,11:17,11:19,11:20,11:21,11:24,11:32,11:44,11:45,11:46,11:47,11:48,11:50,11:51,11:52,11:53,11:54,12:50,12:52,12:53,12:54,12:58,13:19,13:20,13:21,13:22,13:23,14:33,14:34,14:35,14:36,14:37,14:38,14:39,14:40,14:41,14:42,15:02,15:03,15:04,15:05,15:06,15:07,15:08,15:09,15:10,15:11,15:12,15:32,15:33,15:34","09:20,10:10,10:15,10:36,10:40,11:38,12:35,12:40,13:05,13:10,13:55,14:00,14:05,14:21,14:25,14:51,14:55",17,,25
2026-07-24,SRF,23,"10:15,10:16,10:17,10:18,10:19,10:20,10:21,10:22,10:23,11:14,11:15,11:16,11:17,11:19,11:20,11:21,11:23,11:24","10:07,10:10,10:36,10:40,11:08,11:40,11:45,12:40,12:45,12:50,13:15,13:20",12,,13
2026-07-24,SWIGGY,20,"11:15,11:16,11:17,11:19,11:20,11:21,11:23,11:24,12:17,12:18,12:20,12:21,12:22,12:23,12:24","10:07,10:10,10:15,10:36,10:40,11:08,11:10,11:40,11:45,12:06,12:10",11,,12
2026-07-24,ETERNAL,18,"11:16,11:17,11:19,11:20,11:21,11:23,11:24,12:17,12:18,12:20,12:21,12:22,12:23,12:24","09:40,09:45,09:50,10:15,10:36,10:40,11:08,11:10,11:40,11:45,12:06,12:10",12,,14
2026-07-24,TATAELXSI,16,"13:59,14:00,14:01,14:02,14:03,14:04,14:05,14:06,14:07,14:08,14:09,14:10,14:11","10:15,11:08,11:15,11:45,12:10,12:15,12:33,12:35,12:40,13:02,13:05,13:10,13:32,13:35,13:40,13:45,13:51,14:21,14:25,14:51,14:55,15:32,15:37",23,,24
2026-07-24,POWERINDIA,13,"14:32,14:33,14:34,14:35,14:36,14:37,14:38,14:39,14:40,14:41,14:42","12:06,12:40,12:45,12:50,13:02,13:05,13:10,13:15,13:20,13:32,13:35,13:40,13:45,13:51,13:55,14:00,14:21,14:25,14:51,14:55,15:00",21,,22
2026-07-24,PERSISTENT,12,"11:14,11:15,11:16,11:17,11:19,11:20,11:21,11:23,11:24","10:07,10:10,10:15,10:36,10:40,11:08,12:15,13:05,13:10,13:15,13:35,13:40,14:25,14:30,14:35,14:55,15:00,15:05,15:32",19,,20
2026-07-24,HINDPETRO,11,"11:15,11:16,11:17,11:19,11:20,11:21,11:23,11:24","10:36,10:40,11:08,11:10",4,,4
2026-07-24,INFY,8,"12:17,12:18,12:20,12:21,12:22,12:23,12:24","09:40,09:45,09:50,10:45,11:08,11:10,11:15,11:38,11:40,11:45,12:06,12:10,13:55,14:00,14:05",15,,16
2026-07-24,AMBER,5,"15:09,15:10,15:11,15:12","09:50,10:07,10:10,10:36,10:40,11:08,11:10,13:51,13:55,14:00,14:05,14:21,14:25,14:30,14:35,14:51,14:55,15:00",18,,19
2026-07-24,KPITTECH,4,"15:10,15:11,15:12","11:38,11:40,12:06,12:10,12:35,12:40,12:45,13:05,13:10,13:15,13:32,13:35,13:40,13:45,13:51,13:55,14:16,14:21,14:25,14:30,14:35,14:46,15:32,15:37",24,,25
2026-07-24,PRESTIGE,3,"15:32,15:33,15:34","10:15,10:36,10:45,11:08,11:10,11:38,11:40,14:21,14:25,14:30,14:51,14:55,15:00",13,,13
2026-07-24,SONACOMS,2,"13:18,13:19","11:15,11:40,11:45,12:10,12:15,12:33,12:35,12:40,12:45,13:02",10,,10
2026-07-24,360ONE,0,,"09:25,11:38,11:45,12:06,12:33,12:35,12:45,13:02,13:05,13:10,13:15,13:32,14:51,14:55,15:00,15:05,15:10,15:32,15:37",19,Y,19
2026-07-24,ABB,0,,"09:25,11:38,11:50,13:02,13:05,13:10,13:32,13:51,14:51",9,Y,9
2026-07-24,ABCAPITAL,0,,"09:20,09:25,09:30,09:36,09:45,10:20,10:45",7,Y,7
2026-07-24,ADANIENSOL,0,,"09:25,09:36,09:40,09:45,10:20,11:50,12:20,12:40,12:45,12:50,14:40",11,Y,11
2026-07-24,ADANIENT,0,,"11:20,11:50,12:20,15:10",4,Y,4
2026-07-24,ADANIGREEN,0,,"09:25,09:30,09:36,09:40,09:45,11:20,12:06,12:15,12:20,13:20,15:10",11,Y,11
2026-07-24,ADANIPORTS,0,,"11:20,11:45,11:50,13:05,13:10,13:15,13:20,13:45",8,Y,8
2026-07-24,ADANIPOWER,0,,"11:20,12:06,12:15,12:20,14:10",5,Y,5
2026-07-24,ALKEM,0,,"09:25,12:06,12:20",3,Y,3
2026-07-24,AMBUJACEM,0,,"09:45,09:50,10:20,12:50,14:10",5,Y,5
2026-07-24,APLAPOLLO,0,,"09:50,15:10",2,Y,2
2026-07-24,APOLLOHOSP,0,,"11:20,11:50,12:15,12:20,12:35,13:02,14:16,14:46,15:37",9,Y,9
2026-07-24,ASIANPAINT,0,,"09:50,14:40,15:37",3,Y,3
2026-07-24,ASTRAL,0,,"11:08,11:10,11:38,11:40,12:06,12:10,12:33,12:35,12:40,12:45,12:50,13:20,13:35,13:40,13:51,13:55,14:00,14:05,14:10,14:21,14:25,14:30,14:35,14:40,14:51,14:55,15:00,15:05",28,Y,28
2026-07-24,AUBANK,0,,"12:50,13:15,13:20,14:00,14:05,14:10,14:25,14:30,14:35,14:55,15:00,15:05,15:32,15:37",14,Y,14
2026-07-24,AUROPHARMA,0,,"09:40,09:45,09:50,10:07,10:10,11:38,13:20",7,Y,7
2026-07-24,AXISBANK,0,,"09:25,15:10",2,Y,2
2026-07-24,BAJAJ-AUTO,0,,"10:20,10:45,10:50,11:15,12:20,12:33,12:35,12:40,12:45,12:50,13:02,13:15,13:20,13:45,14:16,14:21,14:46,15:10,15:16",19,Y,19
2026-07-24,BAJAJFINSV,0,,"14:21,14:40",2,Y,2
2026-07-24,BAJFINANCE,0,,"09:20,09:25,09:30,10:10,10:15,10:36,10:40,10:45,10:50,11:38,11:40,11:45,11:50,13:51,13:55,14:00,14:05,14:30,14:35,14:40,14:51,14:55,15:00,15:32",24,Y,24
2026-07-24,BANDHANBNK,0,,"11:08,11:10,14:40",3,Y,3
2026-07-24,BANKBARODA,0,,"12:15,13:51,14:35,14:40,15:00,15:05,15:10,15:37",8,Y,8
2026-07-24,BHEL,0,,"13:51,14:05,14:35,15:00,15:05",5,Y,5
2026-07-24,BIOCON,0,,"12:40,12:45,12:50,13:02,13:05,13:10",6,Y,6
2026-07-24,BLUESTARCO,0,,13:20,1,Y,1
2026-07-24,BOSCHLTD,0,,"10:36,10:40,12:06,12:10,13:40",5,Y,5
2026-07-24,BPCL,0,,"12:33,12:35",2,Y,2
2026-07-24,BRITANNIA,0,,13:15,1,Y,1
2026-07-24,CAMS,0,,"10:20,10:50,11:50,12:20",4,Y,4
2026-07-24,CANBK,0,,13:20,1,Y,1
2026-07-24,CDSL,0,,"11:50,14:10",2,Y,2
2026-07-24,CGPOWER,0,,"09:20,09:25,09:30,09:36,09:40,10:07,11:40,11:45,11:50,12:20,12:50,13:20,14:05,14:16,14:21,14:30,14:35,14:46,14:51,14:55,15:00,15:05,15:16",23,Y,23
2026-07-24,CIPLA,0,,"10:07,10:36,10:40,10:45,10:50,11:08,11:10,11:15,11:20,11:40,11:45,11:50,12:20,12:45",14,Y,14
2026-07-24,COCHINSHIP,0,,"13:05,13:10,13:15",3,Y,3
2026-07-24,COFORGE,0,,"10:07,10:10,10:36,10:40,11:08,11:10,12:20,12:33,12:35,12:40,12:45,12:50,13:10,13:15,13:20,13:32,13:35,13:40,13:45,13:51,13:55,14:00,14:05,14:10,14:21,14:25,14:30,14:35,14:51,14:55,15:00,15:05,15:32",33,Y,33
2026-07-24,COLPAL,0,,"10:20,11:20,11:50",3,Y,3
2026-07-24,CROMPTON,0,,"10:07,10:10,10:36,10:40,14:16,14:46,15:16",7,Y,7
2026-07-24,CUMMINSIND,0,,"10:20,10:45,10:50,11:15,11:45,12:33,12:45,12:50,13:15,13:20,14:40",11,Y,11
2026-07-24,DABUR,0,,"11:20,11:50",2,Y,2
2026-07-24,DALBHARAT,0,,"13:35,13:40,13:51,13:55,14:00,15:05,15:10,15:32,15:37",9,Y,9
2026-07-24,DELHIVERY,0,,"14:35,14:40",2,Y,2
2026-07-24,DIVISLAB,0,,"10:50,11:20,14:16,14:46,15:16",5,Y,5
2026-07-24,DIXON,0,,14:40,1,Y,1
2026-07-24,DMART,0,,"09:20,09:40,09:45,09:50,12:33,12:35,12:40,13:02,14:40",9,Y,9
2026-07-24,DRREDDY,0,,"09:36,09:45",2,Y,2
2026-07-24,EICHERMOT,0,,"09:20,13:32,13:35,13:40,13:45,13:51,13:55,14:00,14:05,14:21,14:25,14:30",12,Y,12
2026-07-24,FEDERALBNK,0,,"13:05,13:10,13:15",3,Y,3
2026-07-24,FORTIS,0,,14:10,1,Y,1
2026-07-24,GAIL,0,,"10:15,10:45,13:32,13:35,13:40,13:45,13:51,15:32,15:37",9,Y,9
2026-07-24,GMRAIRPORT,0,,"10:20,10:50",2,Y,2
2026-07-24,GODREJCP,0,,10:20,1,Y,1
2026-07-24,GODREJPROP,0,,"14:25,14:35",2,Y,2
2026-07-24,GRASIM,0,,09:50,1,Y,1
2026-07-24,HAL,0,,14:10,1,Y,1
2026-07-24,HAVELLS,0,,"10:07,10:10,10:15,10:36,10:40,10:45,11:10,11:15,11:20,11:40,11:45,12:06,12:10,12:15,12:33,12:35,12:40,12:45,13:02,13:05,13:10,13:32,13:35,13:40,14:10,15:37",26,Y,26
2026-07-24,HCLTECH,0,,"09:20,10:07,10:10,10:15,13:32,14:00,14:05,14:10,15:32,15:37",10,Y,10
2026-07-24,HDFCAMC,0,,"10:15,14:10",2,Y,2
2026-07-24,HDFCBANK,0,,"10:20,10:50,11:20,11:50,14:05,14:10,14:16,14:46,15:16",9,Y,9
2026-07-24,HDFCLIFE,0,,"09:40,09:45,09:50,10:45",4,Y,4
2026-07-24,HEROMOTOCO,0,,"14:35,14:40,15:10,15:32,15:37",5,Y,5
2026-07-24,HINDALCO,0,,"15:32,15:37",2,Y,2
2026-07-24,HINDUNILVR,0,,15:10,1,Y,1
2026-07-24,HYUNDAI,0,,13:20,1,Y,1
2026-07-24,ICICIBANK,0,,"14:40,15:10",2,Y,2
2026-07-24,IDEA,0,,"09:20,10:07,10:10,11:08,11:10",5,Y,5
2026-07-24,IEX,0,,"09:20,11:38,11:40,12:06,12:10,12:33,12:35,12:40,12:45,13:02,13:05,13:10,13:15,13:32,13:35,13:40,14:16,14:21,14:25,14:46,14:51,14:55,15:16",23,Y,23
2026-07-24,INDHOTEL,0,,13:15,1,Y,1
2026-07-24,INDIANB,0,,"14:40,15:10",2,Y,2
2026-07-24,INDIGO,0,,"09:36,09:40,09:45,10:07,10:10,13:32,13:35,13:40,13:45,13:51,13:55",11,Y,11
2026-07-24,INDUSTOWER,0,,"09:36,09:40,09:45,11:38,12:33,12:35",6,Y,6
2026-07-24,INOXWIND,0,,"09:50,13:45,13:51",3,Y,3
2026-07-24,IOC,0,,"09:20,09:25,09:30,09:36,09:40,09:45,13:55,14:00,14:05",9,Y,9
2026-07-24,IREDA,0,,"10:20,10:50",2,Y,2
2026-07-24,IRFC,0,,"14:16,14:46,15:16",3,Y,3
2026-07-24,ITC,0,,"10:40,10:45,10:50,11:15,11:20,12:20",6,Y,6
2026-07-24,JINDALSTEL,0,,14:40,1,Y,1
2026-07-24,JIOFIN,0,,14:10,1,Y,1
2026-07-24,JSWENERGY,0,,"13:35,14:21",2,Y,2
2026-07-24,KALYANKJIL,0,,"11:38,13:40,14:00,14:05,14:25,14:30,14:35,14:55,15:05,15:32",10,Y,10
2026-07-24,KAYNES,0,,"10:07,10:10,10:36,10:40",4,Y,4
2026-07-24,KEI,0,,"13:35,13:40,15:05",3,Y,3
2026-07-24,KFINTECH,0,,"09:36,09:40,09:45,13:55,14:00,14:05,14:21,14:25,14:30,14:51,14:55,15:00,15:32",13,Y,13
2026-07-24,KOTAKBANK,0,,09:20,1,Y,1
2026-07-24,LAURUSLABS,0,,"12:45,12:50,13:20,15:32,15:37",5,Y,5
2026-07-24,LTF,0,,"10:15,10:20,10:45,10:50",4,Y,4
2026-07-24,LTM,0,,"15:32,15:37",2,Y,2
2026-07-24,LUPIN,0,,11:38,1,Y,1
2026-07-24,M&M,0,,"09:25,11:08,11:10,11:38,11:40,13:51,13:55,14:00,14:51,14:55",10,Y,10
2026-07-24,MANAPPURAM,0,,"09:20,09:25,09:30,09:36,09:40",5,Y,5
2026-07-24,MANKIND,0,,"09:20,11:38,12:06,12:10,14:10,14:35,15:05,15:32,15:37",9,Y,9
2026-07-24,MARICO,0,,09:20,1,Y,1
2026-07-24,MARUTI,0,,12:06,1,Y,1
2026-07-24,MAXHEALTH,0,,"10:45,10:50,11:20",3,Y,3
2026-07-24,MAZDOCK,0,,"09:40,09:45,09:50",3,Y,3
2026-07-24,MCX,0,,"10:20,10:50,12:06,12:10,12:15,12:20",6,Y,6
2026-07-24,MFSL,0,,14:10,1,Y,1
2026-07-24,MOTHERSON,0,,"09:20,10:45",2,Y,2
2026-07-24,MPHASIS,0,,"09:20,10:15,10:20,12:20,13:15,13:35,13:40,13:51,13:55,14:00,14:05,14:21,14:25,14:30,14:35,14:51,14:55,15:00,15:05,15:32",20,Y,20
2026-07-24,MUTHOOTFIN,0,,"09:20,09:25,09:30,09:36,09:40,14:35,14:40",7,Y,7
2026-07-24,NATIONALUM,0,,"12:45,12:50",2,Y,2
2026-07-24,NAUKRI,0,,"09:45,09:50,11:15,12:10,12:15",5,Y,5
2026-07-24,NBCC,0,,"10:20,11:15,11:20,11:50,14:10",5,Y,5
2026-07-24,NESTLEIND,0,,"09:20,10:07,10:10,10:15,10:20,10:36,10:40,10:45,10:50,12:10,12:15,12:20,12:33,12:35,12:40,12:45,13:02,13:15,15:00,15:05,15:10",21,Y,21
2026-07-24,NMDC,0,,"11:50,13:32",2,Y,2
2026-07-24,NTPC,0,,09:25,1,Y,1
2026-07-24,NYKAA,0,,09:50,1,Y,1
2026-07-24,OBEROIRLTY,0,,"12:50,13:20,13:55,14:00,14:05",5,Y,5
2026-07-24,OFSS,0,,"11:20,11:38,11:50,12:20",4,Y,4
2026-07-24,OIL,0,,"09:20,13:02,13:05,13:10,13:32,13:35,13:40,13:45,15:05,15:10,15:32,15:37",12,Y,12
2026-07-24,ONGC,0,,"09:25,09:30,12:33,12:35,12:40,13:02,13:05,13:10,13:32,13:45,14:05,14:21,14:25",13,Y,13
2026-07-24,PAGEIND,0,,09:20,1,Y,1
2026-07-24,PATANJALI,0,,"12:50,13:51,13:55,14:00,14:16,14:46,14:51,15:16",8,Y,8
2026-07-24,PAYTM,0,,"09:40,09:45,09:50,13:02,13:05,13:10,13:32,13:35,13:40",9,Y,9
2026-07-24,PETRONET,0,,"10:07,10:10,10:36,10:40,11:08,11:38,11:40,12:10,12:15,12:45,13:05,13:15,13:51,13:55,14:00,14:21,14:25,14:46,14:51,14:55,15:16",21,Y,21
2026-07-24,PGEL,0,,"10:07,10:36,10:40,14:25,14:30,14:35,14:40,15:37",8,Y,8
2026-07-24,PHOENIXLTD,0,,"10:07,10:10,14:30,14:35,14:40,15:05,15:10",7,Y,7
2026-07-24,PIDILITIND,0,,14:30,1,Y,1
2026-07-24,PIIND,0,,"09:25,10:15,10:20,11:08,11:10,11:38,12:06,12:10,14:10",9,Y,9
2026-07-24,PNB,0,,"14:40,15:10",2,Y,2
2026-07-24,PNBHOUSING,0,,"11:15,11:20,11:40,11:45,11:50,12:06,12:10,12:15",8,Y,8
2026-07-24,POLICYBZR,0,,"09:36,09:40,09:45",3,Y,3
2026-07-24,POWERGRID,0,,"09:25,09:30,09:36,09:40,15:10",5,Y,5
2026-07-24,PREMIERENE,0,,"09:25,09:30",2,Y,2
2026-07-24,RBLBANK,0,,"11:38,11:45",2,Y,2
2026-07-24,RECLTD,0,,"11:20,11:50,12:20,14:21,14:30",5,Y,5
2026-07-24,SAIL,0,,"09:25,11:15",2,Y,2
2026-07-24,SBILIFE,0,,"10:20,10:45,10:50,11:10,11:15,11:20,12:20",7,Y,7
2026-07-24,SBIN,0,,15:10,1,Y,1
2026-07-24,SHRIRAMFIN,0,,"09:36,09:40,09:45,10:07,10:10,10:15,10:36,10:40,10:45,14:51,14:55,15:00",12,Y,12
2026-07-24,SIEMENS,0,,09:50,1,Y,1
2026-07-24,SOLARINDS,0,,"12:33,12:35,12:40,13:02,13:05,13:10,13:32,13:35,13:45,13:51,14:05",11,Y,11
2026-07-24,SUNPHARMA,0,,14:40,1,Y,1
2026-07-24,SUPREMEIND,0,,"11:40,11:45,12:06,12:10,14:10,15:05,15:37",7,Y,7
2026-07-24,TATACONSUM,0,,"10:07,10:15,12:06,13:05,13:10,13:15,13:32,13:35,13:40,13:45,14:21,14:25,14:30,14:51,14:55,15:00",16,Y,16
2026-07-24,TCS,0,,12:50,1,Y,1
2026-07-24,TECHM,0,,"11:40,11:45,12:10,12:15,14:16,14:46,15:16",7,Y,7
2026-07-24,TIINDIA,0,,"11:15,12:33,12:35,12:40,15:00,15:05,15:10",7,Y,7
2026-07-24,TMPV,0,,"10:20,10:50,11:15,11:20",4,Y,4
2026-07-24,TORNTPHARM,0,,"11:50,12:33,12:35,12:40",4,Y,4
2026-07-24,TRENT,0,,"10:45,11:15,11:45,12:15,12:33,13:02,14:35",7,Y,7
2026-07-24,TVSMOTOR,0,,"09:25,11:15,11:40,11:45,15:32,15:37",6,Y,6
2026-07-24,ULTRACEMCO,0,,09:50,1,Y,1
2026-07-24,UNIONBANK,0,,"09:36,09:40,09:45,11:38,14:51",5,Y,5
2026-07-24,UNITDSPR,0,,"10:10,10:15,10:36,10:40,11:08,11:10,11:15,12:10,12:15,12:33,12:35,12:40,13:02,13:05,13:10,15:00,15:05,15:10",18,Y,18
2026-07-24,UNOMINDA,0,,"10:10,10:15,10:45,10:50,11:08,11:10,11:15,11:20",8,Y,8
2026-07-24,VBL,0,,"09:50,13:32",2,Y,2
2026-07-24,VOLTAS,0,,"10:15,10:45,11:45,12:15,12:33,13:02,13:32,13:35,13:40,13:55,14:00,14:05",12,Y,12
2026-07-24,WIPRO,0,,"12:50,13:20",2,Y,2
2026-07-24,YESBANK,0,,"10:20,10:50,11:50",3,Y,3
