"Date","Symbol","Marketcapname","Sector"
"15-07-2026 9:45 am","TATASTEEL","Largecap","Metals & Mining"
"15-07-2026 11:35 am","MARUTI","Largecap","Auto"
"15-07-2026 11:55 am","BRITANNIA","Largecap","FMCG"
"15-07-2026 1:25 pm","ENERGY","Smallcap","Indices"
"15-07-2026 1:55 pm","HINDPETRO","Largecap","Energy"
"15-07-2026 1:55 pm","DMART","Largecap","Consumer Discretionary"
"15-07-2026 1:55 pm","ENERGY","Smallcap","Indices"
"15-07-2026 2:15 pm","BRITANNIA","Largecap","FMCG"
"15-07-2026 2:35 pm","BPCL","Largecap","Energy"
"15-07-2026 3:15 pm","BPCL","Largecap","Energy"
"15-07-2026 3:25 pm","CUMMINSIND","Largecap","Industrials"
"16-07-2026 9:15 am","CHOLAFIN","Largecap","Financials"
"16-07-2026 9:15 am","BDL","Largecap","Aerospace & Defence"
"16-07-2026 9:45 am","CUMMINSIND","Largecap","Industrials"
"16-07-2026 9:45 am","CHOLAFIN","Largecap","Financials"
"16-07-2026 9:45 am","ENERGY","Smallcap","Indices"
"16-07-2026 9:55 am","ANGELONE","Largecap","Financials"
"16-07-2026 10:45 am","BEL","Largecap","Aerospace & Defence"
"16-07-2026 10:45 am","HDFCBANK","Largecap","Bank"
"16-07-2026 11:05 am","FEDERALBNK","Largecap","Bank"
"16-07-2026 12:35 pm","ZYDUSLIFE","Largecap","Healthcare"
"17-07-2026 9:15 am","HINDPETRO","Largecap","Energy"
"17-07-2026 10:05 am","TITAN","Largecap","Consumer Discretionary"
"17-07-2026 10:15 am","LODHA","Largecap","Realty"
"17-07-2026 11:45 am","BDL","Largecap","Aerospace & Defence"
"17-07-2026 11:45 am","LODHA","Largecap","Realty"
"17-07-2026 12:15 pm","POWERGRID","Largecap","Power & Utilities"
"17-07-2026 12:25 pm","IDFCFIRSTB","Largecap","Bank"
"17-07-2026 12:35 pm","GODREJCP","Largecap","FMCG"
"17-07-2026 12:45 pm","IDFCFIRSTB","Largecap","Bank"
"17-07-2026 1:05 pm","BDL","Largecap","Aerospace & Defence"
"17-07-2026 1:45 pm","FEDERALBNK","Largecap","Bank"
"17-07-2026 2:05 pm","RELIANCE","Largecap","Energy"
"17-07-2026 2:05 pm","SHRIRAMFIN","Largecap","Financials"
"17-07-2026 2:05 pm","ICICIBANK","Largecap","Bank"
"17-07-2026 2:05 pm","POWERGRID","Largecap","Power & Utilities"
"17-07-2026 2:35 pm","NESTLEIND","Largecap","FMCG"
"20-07-2026 9:25 am","RBLBANK","Largecap","Bank"
"20-07-2026 9:35 am","AUBANK","Largecap","Bank"
"20-07-2026 9:45 am","MOTILALOFS","Largecap","Financials"
"20-07-2026 10:05 am","BDL","Largecap","Aerospace & Defence"
"20-07-2026 10:25 am","ITC","Largecap","FMCG"
"20-07-2026 11:55 am","TATACONSUM","Largecap","FMCG"
"20-07-2026 12:25 pm","TATACONSUM","Largecap","FMCG"
"20-07-2026 12:35 pm","ETERNAL","Largecap","I.T"
"20-07-2026 1:05 pm","MAZDOCK","Largecap","Aerospace & Defence"
"20-07-2026 1:15 pm","HDFCAMC","Largecap","Financials"
"20-07-2026 1:15 pm","360ONE","Largecap","Financials"
"20-07-2026 1:55 pm","HINDUNILVR","Largecap","FMCG"
"20-07-2026 1:55 pm","ETERNAL","Largecap","I.T"
"20-07-2026 2:25 pm","JSWSTEEL","Largecap","Metals & Mining"
"20-07-2026 2:35 pm","ETERNAL","Largecap","I.T"
"20-07-2026 2:45 pm","PAYTM","Largecap","I.T"
"20-07-2026 2:55 pm","HEALTHCARE","Smallcap","Indices"
"20-07-2026 3:15 pm","ADANIPORTS","Largecap","Transportation"
"20-07-2026 3:15 pm","ETERNAL","Largecap","I.T"
"20-07-2026 3:15 pm","HEALTHCARE","Smallcap","Indices"
"20-07-2026 3:25 pm","GVT&D","Largecap","Industrials"
"21-07-2026 9:45 am","ADANIPORTS","Largecap","Transportation"
"21-07-2026 10:55 am","HEALTHCARE","Smallcap","Indices"
"21-07-2026 1:15 pm","SAIL","Largecap","Metals & Mining"
"21-07-2026 1:15 pm","AXISBANK","Largecap","Bank"
"21-07-2026 2:45 pm","COALINDIA","Largecap","Metals & Mining"
"21-07-2026 3:05 pm","COALINDIA","Largecap","Metals & Mining"
"21-07-2026 3:25 pm","HYUNDAI","Largecap","Auto"
"22-07-2026 9:55 am","JINDALSTEL","Largecap","Metals & Mining"
"22-07-2026 10:05 am","NTPC","Largecap","Power & Utilities"
"22-07-2026 10:05 am","BDL","Largecap","Aerospace & Defence"
"22-07-2026 10:35 am","INDHOTEL","Largecap","Services"
"22-07-2026 11:25 am","BEL","Largecap","Aerospace & Defence"
"22-07-2026 11:25 am","VEDL","Largecap","Metals & Mining"
"23-07-2026 9:15 am","HYUNDAI","Largecap","Auto"
"23-07-2026 9:25 am","BOSCHLTD","Largecap","Auto"
"23-07-2026 9:55 am","HYUNDAI","Largecap","Auto"
"23-07-2026 10:05 am","HINDUNILVR","Largecap","FMCG"
"23-07-2026 10:05 am","KEI","Largecap","Industrials"
"23-07-2026 10:35 am","ITC","Largecap","FMCG"
"23-07-2026 12:15 pm","MOTILALOFS","Largecap","Financials"
"23-07-2026 1:25 pm","EICHERMOT","Largecap","Auto"
"23-07-2026 2:05 pm","INFY","Largecap","I.T"
"23-07-2026 2:55 pm","TATACONSUM","Largecap","FMCG"
"23-07-2026 3:05 pm","KOTAKBANK","Largecap","Bank"
"23-07-2026 3:05 pm","EICHERMOT","Largecap","Auto"
"23-07-2026 3:05 pm","MAXHEALTH","Largecap","Healthcare"
"24-07-2026 9:25 am","TATACONSUM","Largecap","FMCG"
"24-07-2026 9:55 am","SBILIFE","Largecap","Financials"
"24-07-2026 10:25 am","SBILIFE","Largecap","Financials"
"24-07-2026 11:45 am","AXISBANK","Largecap","Bank"
"24-07-2026 11:55 am","BANDHANBNK","Largecap","Bank"
"24-07-2026 12:15 pm","COALINDIA","Largecap","Metals & Mining"
"24-07-2026 1:45 pm","NAUKRI","Largecap","I.T"
"24-07-2026 1:45 pm","MCX","Largecap","Financials"
"24-07-2026 1:55 pm","ADANIENT","Largecap","Services"
"24-07-2026 1:55 pm","ZYDUSLIFE","Largecap","Healthcare"
"24-07-2026 1:55 pm","AMBER","Largecap","Consumer Discretionary"
"24-07-2026 2:45 pm","NAUKRI","Largecap","I.T"
"24-07-2026 3:05 pm","ADANIENT","Largecap","Services"
"24-07-2026 3:15 pm","RADICO","Largecap","FMCG"
"27-07-2026 9:25 am","BANKBARODA","Largecap","Bank"
"27-07-2026 9:35 am","ICICIGI","Largecap","Financials"
"27-07-2026 12:25 pm","DRREDDY","Largecap","Healthcare"
"27-07-2026 1:45 pm","JSWSTEEL","Largecap","Metals & Mining"
"27-07-2026 1:55 pm","WAAREEENER","Largecap","Industrials"
"27-07-2026 2:25 pm","JSWSTEEL","Largecap","Metals & Mining"
"27-07-2026 2:25 pm","ENERGY","Smallcap","Indices"
"27-07-2026 2:45 pm","JSWSTEEL","Largecap","Metals & Mining"
"27-07-2026 2:45 pm","HINDUNILVR","Largecap","FMCG"
"27-07-2026 2:45 pm","HDFCAMC","Largecap","Financials"
"27-07-2026 2:55 pm","UPL","Largecap","Chemicals"
"27-07-2026 3:05 pm","BSE","Largecap","Financials"
"27-07-2026 3:05 pm","ENERGY","Smallcap","Indices"
"27-07-2026 3:25 pm","ASIANPAINT","Largecap","Building Materials"
"28-07-2026 9:25 am","LUPIN","Largecap","Healthcare"
"28-07-2026 9:25 am","CHOLAFIN","Largecap","Financials"
"28-07-2026 9:25 am","CDSL","Largecap","Financials"
"28-07-2026 9:35 am","ZYDUSLIFE","Largecap","Healthcare"
"28-07-2026 9:55 am","AXISBANK","Largecap","Bank"
"28-07-2026 10:05 am","UNIONBANK","Largecap","Bank"
"28-07-2026 10:15 am","MANAPPURAM","Largecap","Financials"
"28-07-2026 10:25 am","LUPIN","Largecap","Healthcare"
"28-07-2026 10:25 am","ADANIPORTS","Largecap","Transportation"
"28-07-2026 10:35 am","AUROPHARMA","Largecap","Healthcare"
"28-07-2026 10:45 am","LT","Largecap","Realty"
"28-07-2026 10:55 am","PNBHOUSING","Largecap","Financials"
"28-07-2026 11:15 am","IDEA","Largecap","Telecom-Service"
"28-07-2026 11:45 am","LT","Largecap","Realty"
"28-07-2026 12:15 pm","UNIONBANK","Largecap","Bank"
"28-07-2026 12:35 pm","GLENMARK","Largecap","Healthcare"
"28-07-2026 12:35 pm","IDFCFIRSTB","Largecap","Bank"
"28-07-2026 1:25 pm","AMBUJACEM","Largecap","Building Materials"
"28-07-2026 1:25 pm","PERSISTENT","Largecap","I.T"
"28-07-2026 1:35 pm","PNBHOUSING","Largecap","Financials"
"28-07-2026 1:45 pm","ADANIENT","Largecap","Services"
"28-07-2026 1:45 pm","DLF","Largecap","Realty"
"28-07-2026 2:15 pm","LICI","Largecap","Financials"
"28-07-2026 2:15 pm","HEALTHCARE","Smallcap","Indices"
"28-07-2026 2:35 pm","KOTAKBANK","Largecap","Bank"
"28-07-2026 2:35 pm","LT","Largecap","Realty"
"28-07-2026 2:35 pm","PFC","Largecap","Financials"
"28-07-2026 2:55 pm","INDIGO","Largecap","Transportation"
"28-07-2026 3:15 pm","BAJFINANCE","Largecap","Financials"
"29-07-2026 9:15 am","AXISBANK","Largecap","Bank"
"29-07-2026 10:45 am","ANGELONE","Largecap","Financials"
"29-07-2026 11:15 am","ANGELONE","Largecap","Financials"
"29-07-2026 1:25 pm","PAYTM","Largecap","I.T"
"29-07-2026 1:55 pm","JINDALSTEL","Largecap","Metals & Mining"
"29-07-2026 2:05 pm","HINDZINC","Largecap","Metals & Mining"
"29-07-2026 2:35 pm","TMPV","Largecap","Auto"
"29-07-2026 2:45 pm","APOLLOHOSP","Largecap","Healthcare"
"29-07-2026 3:15 pm","JINDALSTEL","Largecap","Metals & Mining"
"30-07-2026 9:25 am","SWIGGY","Largecap","I.T"
"30-07-2026 10:35 am","BEL","Largecap","Aerospace & Defence"
"30-07-2026 10:45 am","GVT&D","Largecap","Industrials"
"30-07-2026 11:05 am","HEALTHCARE","Smallcap","Indices"
"30-07-2026 11:15 am","BHEL","Largecap","Industrials"
"30-07-2026 11:15 am","BSE","Largecap","Financials"
"30-07-2026 11:55 am","HEALTHCARE","Smallcap","Indices"
"30-07-2026 12:25 pm","TATAPOWER","Largecap","Power & Utilities"
"30-07-2026 12:35 pm","AXISBANK","Largecap","Bank"
"30-07-2026 1:35 pm","CGPOWER","Largecap","Industrials"
"30-07-2026 1:35 pm","ABCAPITAL","Largecap","Financials"
"30-07-2026 1:55 pm","BHEL","Largecap","Industrials"
"30-07-2026 2:35 pm","CGPOWER","Largecap","Industrials"
"30-07-2026 2:35 pm","CUMMINSIND","Largecap","Industrials"
"30-07-2026 2:45 pm","M&M","Largecap","Auto"
"30-07-2026 2:55 pm","DRREDDY","Largecap","Healthcare"
"30-07-2026 2:55 pm","SOLARINDS","Largecap","Aerospace & Defence"
"30-07-2026 3:05 pm","HYUNDAI","Largecap","Auto"
"30-07-2026 3:15 pm","BANDHANBNK","Largecap","Bank"
"31-07-2026 11:55 am","MCX","Largecap","Financials"
"31-07-2026 2:45 pm","UPL","Largecap","Chemicals"
"31-07-2026 2:55 pm","KOTAKBANK","Largecap","Bank"
"03-08-2026 9:15 am","CUMMINSIND","Largecap","Industrials"
"03-08-2026 9:15 am","ANGELONE","Largecap","Financials"
"03-08-2026 9:35 am","CUMMINSIND","Largecap","Industrials"
"03-08-2026 9:55 am","ONGC","Largecap","Energy"
"03-08-2026 12:15 pm","CGPOWER","Largecap","Industrials"
"03-08-2026 12:15 pm","KEI","Largecap","Industrials"
"03-08-2026 12:35 pm","CUMMINSIND","Largecap","Industrials"
"04-08-2026 9:15 am","ICICIGI","Largecap","Financials"
"04-08-2026 9:25 am","UNIONBANK","Largecap","Bank"
"04-08-2026 9:35 am","TMPV","Largecap","Auto"
"04-08-2026 10:45 am","PERSISTENT","Largecap","I.T"
"04-08-2026 1:25 pm","SOLARINDS","Largecap","Aerospace & Defence"
"05-08-2026 9:15 am","ABB","Largecap","Industrials"
"05-08-2026 9:15 am","TCS","Largecap","I.T"
"05-08-2026 9:15 am","COALINDIA","Largecap","Metals & Mining"
"05-08-2026 12:45 pm","PAGEIND","Largecap","Consumer Discretionary"
"05-08-2026 1:15 pm","TECHM","Largecap","I.T"
"05-08-2026 1:55 pm","SBIN","Largecap","Bank"
"05-08-2026 2:05 pm","NAM-INDIA","Largecap","Financials"
"05-08-2026 2:35 pm","LICI","Largecap","Financials"
"05-08-2026 3:05 pm","SUNPHARMA","Largecap","Healthcare"
"05-08-2026 3:05 pm","BAJAJ-AUTO","Largecap","Auto"
"06-08-2026 9:35 am","ULTRACEMCO","Largecap","Building Materials"
"06-08-2026 10:15 am","ULTRACEMCO","Largecap","Building Materials"
"06-08-2026 10:55 am","HINDUNILVR","Largecap","FMCG"
"06-08-2026 11:35 am","PFC","Largecap","Financials"
"07-08-2026 9:25 am","HINDUNILVR","Largecap","FMCG"
"07-08-2026 9:25 am","SUNPHARMA","Largecap","Healthcare"
"07-08-2026 11:05 am","COALINDIA","Largecap","Metals & Mining"
"07-08-2026 1:25 pm","BANKBARODA","Largecap","Bank"
"07-08-2026 2:25 pm","HINDUNILVR","Largecap","FMCG"
"07-08-2026 2:25 pm","COALINDIA","Largecap","Metals & Mining"
"07-08-2026 3:05 pm","IDEA","Largecap","Telecom-Service"
"10-08-2026 9:15 am","HDFCBANK","Largecap","Bank"
"10-08-2026 9:15 am","ADANIENSOL","Largecap","Power & Utilities"
"10-08-2026 9:25 am","KALYANKJIL","Largecap","Consumer Discretionary"
"10-08-2026 9:55 am","LICI","Largecap","Financials"
"10-08-2026 10:15 am","BANKBARODA","Largecap","Bank"
"10-08-2026 11:15 am","POWERGRID","Largecap","Power & Utilities"
"10-08-2026 11:45 am","TATAPOWER","Largecap","Power & Utilities"
"10-08-2026 12:05 pm","POWERGRID","Largecap","Power & Utilities"
"10-08-2026 1:35 pm","TATAPOWER","Largecap","Power & Utilities"
"10-08-2026 2:55 pm","GRASIM","Largecap","Textiles"
"11-08-2026 10:25 am","KFINTECH","Midcap","Financials"
"11-08-2026 12:05 pm","CHOLAFIN","Largecap","Financials"
"11-08-2026 12:05 pm","BSE","Largecap","Financials"
"11-08-2026 12:15 pm","ASIANPAINT","Largecap","Building Materials"
"11-08-2026 12:35 pm","ICICIGI","Largecap","Financials"
"11-08-2026 12:45 pm","BAJFINANCE","Largecap","Financials"
"11-08-2026 2:15 pm","ICICIGI","Largecap","Financials"
"12-08-2026 10:05 am","ZYDUSLIFE","Largecap","Healthcare"
"12-08-2026 10:05 am","BANDHANBNK","Largecap","Bank"
"12-08-2026 10:15 am","ABCAPITAL","Largecap","Financials"
"12-08-2026 10:35 am","VOLTAS","Largecap","Consumer Discretionary"
"12-08-2026 10:35 am","UNITDSPR","Largecap","FMCG"
"12-08-2026 11:15 am","POWERGRID","Largecap","Power & Utilities"
"12-08-2026 12:25 pm","NTPC","Largecap","Power & Utilities"
"12-08-2026 12:45 pm","POWERGRID","Largecap","Power & Utilities"
"12-08-2026 1:15 pm","KAYNES","Largecap","Consumer Discretionary"
"12-08-2026 1:35 pm","IDFCFIRSTB","Largecap","Bank"
"12-08-2026 2:25 pm","NAM-INDIA","Largecap","Financials"
"12-08-2026 2:35 pm","SWIGGY","Largecap","I.T"
"13-08-2026 9:15 am","GLENMARK","Largecap","Healthcare"
"13-08-2026 9:45 am","BANKBARODA","Largecap","Bank"
"13-08-2026 11:45 am","POWERGRID","Largecap","Power & Utilities"
"13-08-2026 11:55 am","ULTRACEMCO","Largecap","Building Materials"
"13-08-2026 11:55 am","SBILIFE","Largecap","Financials"
"13-08-2026 12:05 pm","RECLTD","Largecap","Financials"
"13-08-2026 1:15 pm","JSWSTEEL","Largecap","Metals & Mining"
"13-08-2026 1:35 pm","VOLTAS","Largecap","Consumer Discretionary"
"13-08-2026 1:35 pm","SBILIFE","Largecap","Financials"
"13-08-2026 1:45 pm","HDFCBANK","Largecap","Bank"
"13-08-2026 1:45 pm","JSWSTEEL","Largecap","Metals & Mining"
"13-08-2026 1:45 pm","ONGC","Largecap","Energy"
"13-08-2026 2:25 pm","ONGC","Largecap","Energy"
"13-08-2026 2:25 pm","WAAREEENER","Largecap","Industrials"
"13-08-2026 2:45 pm","SUZLON","Largecap","Industrials"
"13-08-2026 3:05 pm","ASIANPAINT","Largecap","Building Materials"
"14-08-2026 9:35 am","UPL","Largecap","Chemicals"
"14-08-2026 9:35 am","INDUSTOWER","Largecap","Telecom"
"14-08-2026 9:45 am","DLF","Largecap","Realty"
"14-08-2026 10:45 am","HDFCBANK","Largecap","Bank"
"14-08-2026 11:35 am","HEALTHCARE","Smallcap","Indices"
"14-08-2026 11:45 am","HDFCBANK","Largecap","Bank"
"14-08-2026 11:45 am","LUPIN","Largecap","Healthcare"
"14-08-2026 11:55 am","TATACONSUM","Largecap","FMCG"
"14-08-2026 12:15 pm","KOTAKBANK","Largecap","Bank"
"14-08-2026 12:45 pm","TATACONSUM","Largecap","FMCG"
"14-08-2026 1:25 pm","INFY","Largecap","I.T"
"14-08-2026 1:55 pm","ITC","Largecap","FMCG"
"14-08-2026 2:15 pm","MPHASIS","Largecap","I.T"
"14-08-2026 2:35 pm","AMBER","Largecap","Consumer Discretionary"
"14-08-2026 2:45 pm","INFY","Largecap","I.T"
"17-08-2026 9:15 am","ENERGY","Smallcap","Indices"
"17-08-2026 9:35 am","INDHOTEL","Largecap","Services"
"17-08-2026 9:45 am","TATASTEEL","Largecap","Metals & Mining"
"17-08-2026 9:45 am","ENERGY","Smallcap","Indices"
"17-08-2026 10:05 am","WAAREEENER","Largecap","Industrials"
"17-08-2026 10:55 am","KOTAKBANK","Largecap","Bank"
"17-08-2026 11:35 am","BHARTIARTL","Largecap","Telecom-Service"
"17-08-2026 11:55 am","UNITDSPR","Largecap","FMCG"
"17-08-2026 12:15 pm","UNITDSPR","Largecap","FMCG"
"17-08-2026 12:35 pm","GVT&D","Largecap","Industrials"
"17-08-2026 12:45 pm","PFC","Largecap","Financials"
"17-08-2026 12:45 pm","ENERGY","Smallcap","Indices"
"17-08-2026 1:05 pm","VEDL","Largecap","Metals & Mining"
"17-08-2026 1:55 pm","TVSMOTOR","Largecap","Auto"
"17-08-2026 2:25 pm","PERSISTENT","Largecap","I.T"
"18-08-2026 9:55 am","AMBUJACEM","Largecap","Building Materials"
"18-08-2026 10:25 am","LT","Largecap","Realty"
"18-08-2026 10:25 am","POWERGRID","Largecap","Power & Utilities"
"18-08-2026 11:25 am","MUTHOOTFIN","Largecap","Financials"
"18-08-2026 11:35 am","POWERGRID","Largecap","Power & Utilities"
"18-08-2026 11:45 am","HINDALCO","Largecap","Metals & Mining"
"18-08-2026 11:55 am","BAJFINANCE","Largecap","Financials"
"18-08-2026 11:55 am","KFINTECH","Midcap","Financials"
"18-08-2026 1:35 pm","AXISBANK","Largecap","Bank"
"18-08-2026 2:25 pm","NATIONALUM","Largecap","Metals & Mining"
"18-08-2026 2:45 pm","WAAREEENER","Largecap","Industrials"
"18-08-2026 2:55 pm","BAJFINANCE","Largecap","Financials"
"18-08-2026 3:05 pm","MANAPPURAM","Largecap","Financials"
"19-08-2026 10:05 am","MCX","Largecap","Financials"
"19-08-2026 10:25 am","MAXHEALTH","Largecap","Healthcare"
"19-08-2026 11:05 am","HINDPETRO","Largecap","Energy"
"19-08-2026 11:05 am","RECLTD","Largecap","Financials"
"19-08-2026 11:35 am","TORNTPHARM","Largecap","Healthcare"
"19-08-2026 11:45 am","RBLBANK","Largecap","Bank"
"19-08-2026 12:25 pm","JSWSTEEL","Largecap","Metals & Mining"
"19-08-2026 12:35 pm","SAIL","Largecap","Metals & Mining"
"19-08-2026 1:35 pm","ICICIGI","Largecap","Financials"
"19-08-2026 1:55 pm","HDFCAMC","Largecap","Financials"
"19-08-2026 2:05 pm","RBLBANK","Largecap","Bank"
"20-08-2026 9:35 am","M&M","Largecap","Auto"
"20-08-2026 10:15 am","INDUSTOWER","Largecap","Telecom"
"20-08-2026 1:45 pm","GVT&D","Largecap","Industrials"
"20-08-2026 2:25 pm","LAURUSLABS","Largecap","Healthcare"
"20-08-2026 2:55 pm","LAURUSLABS","Largecap","Healthcare"
"20-08-2026 2:55 pm","AUBANK","Largecap","Bank"
"20-08-2026 3:25 pm","HEALTHCARE","Smallcap","Indices"
"21-08-2026 9:15 am","JSWSTEEL","Largecap","Metals & Mining"
"21-08-2026 9:35 am","JSWSTEEL","Largecap","Metals & Mining"
"21-08-2026 9:45 am","TECHM","Largecap","I.T"
"21-08-2026 10:05 am","GRASIM","Largecap","Textiles"
"21-08-2026 10:15 am","LT","Largecap","Realty"
"21-08-2026 10:35 am","NYKAA","Largecap","I.T"
"21-08-2026 10:45 am","JIOFIN","Largecap","Financials"
"21-08-2026 10:55 am","COFORGE","Largecap","I.T"
"21-08-2026 11:05 am","VOLTAS","Largecap","Consumer Discretionary"
"21-08-2026 11:15 am","RBLBANK","Largecap","Bank"
"21-08-2026 11:15 am","MAZDOCK","Largecap","Aerospace & Defence"
"21-08-2026 11:35 am","SBICARD","Largecap","Financials"
"21-08-2026 12:55 pm","ADANIPORTS","Largecap","Transportation"
"21-08-2026 1:05 pm","TATAPOWER","Largecap","Power & Utilities"
"21-08-2026 1:45 pm","HDFCBANK","Largecap","Bank"
"21-08-2026 1:55 pm","ZYDUSLIFE","Largecap","Healthcare"
"21-08-2026 2:15 pm","MUTHOOTFIN","Largecap","Financials"
"21-08-2026 2:25 pm","GRASIM","Largecap","Textiles"
"21-08-2026 2:45 pm","SHRIRAMFIN","Largecap","Financials"
"21-08-2026 2:45 pm","MCX","Largecap","Financials"
"21-08-2026 3:05 pm","ABCAPITAL","Largecap","Financials"
"24-08-2026 9:25 am","SHRIRAMFIN","Largecap","Financials"
"24-08-2026 9:45 am","DRREDDY","Largecap","Healthcare"
"24-08-2026 9:55 am","ADANIGREEN","Largecap","Power & Utilities"
"24-08-2026 10:55 am","CUMMINSIND","Largecap","Industrials"
"24-08-2026 11:45 am","UNITDSPR","Largecap","FMCG"
"24-08-2026 12:05 pm","APOLLOHOSP","Largecap","Healthcare"
"24-08-2026 1:45 pm","JSWSTEEL","Largecap","Metals & Mining"
"24-08-2026 2:05 pm","JINDALSTEL","Largecap","Metals & Mining"
"24-08-2026 2:25 pm","BPCL","Largecap","Energy"
"24-08-2026 2:45 pm","ASIANPAINT","Largecap","Building Materials"
"24-08-2026 2:45 pm","HCLTECH","Largecap","I.T"
"24-08-2026 2:45 pm","ICICIGI","Largecap","Financials"
"25-08-2026 9:45 am","BPCL","Largecap","Energy"
"25-08-2026 10:05 am","BRITANNIA","Largecap","FMCG"
"25-08-2026 10:25 am","BHEL","Largecap","Industrials"
"25-08-2026 10:45 am","SUNPHARMA","Largecap","Healthcare"
"25-08-2026 10:55 am","CGPOWER","Largecap","Industrials"
"25-08-2026 11:55 am","BSE","Largecap","Financials"
"25-08-2026 12:45 pm","ABB","Largecap","Industrials"
"25-08-2026 1:45 pm","SBIN","Largecap","Bank"
"25-08-2026 1:45 pm","RADICO","Largecap","FMCG"
"25-08-2026 2:25 pm","BRITANNIA","Largecap","FMCG"
"25-08-2026 2:25 pm","CANBK","Largecap","Bank"
"26-08-2026 10:15 am","CUMMINSIND","Largecap","Industrials"
"26-08-2026 11:15 am","NAUKRI","Largecap","I.T"
"26-08-2026 12:05 pm","BEL","Largecap","Aerospace & Defence"
"26-08-2026 1:25 pm","MAXHEALTH","Largecap","Healthcare"
"26-08-2026 1:35 pm","APOLLOHOSP","Largecap","Healthcare"
"27-08-2026 9:15 am","HEALTHCARE","Smallcap","Indices"
"27-08-2026 9:25 am","BRITANNIA","Largecap","FMCG"
"27-08-2026 9:25 am","NAUKRI","Largecap","I.T"
"27-08-2026 10:25 am","HEALTHCARE","Smallcap","Indices"
"27-08-2026 11:05 am","CHOLAFIN","Largecap","Financials"
"27-08-2026 11:25 am","BOSCHLTD","Largecap","Auto"
"27-08-2026 11:25 am","HEALTHCARE","Smallcap","Indices"
"27-08-2026 11:45 am","MOTHERSON","Largecap","Auto"
"27-08-2026 12:15 pm","TORNTPHARM","Largecap","Healthcare"
"27-08-2026 2:15 pm","MOTHERSON","Largecap","Auto"
"27-08-2026 2:55 pm","ADANIPORTS","Largecap","Transportation"
"28-08-2026 10:05 am","ONGC","Largecap","Energy"
"28-08-2026 10:25 am","TITAN","Largecap","Consumer Discretionary"
"28-08-2026 11:05 am","ONGC","Largecap","Energy"
"28-08-2026 11:45 am","360ONE","Largecap","Financials"
"28-08-2026 12:15 pm","TATAPOWER","Largecap","Power & Utilities"
"28-08-2026 12:15 pm","KEI","Largecap","Industrials"
"28-08-2026 12:25 pm","RADICO","Largecap","FMCG"
"28-08-2026 1:05 pm","KEI","Largecap","Industrials"
"28-08-2026 2:35 pm","APOLLOHOSP","Largecap","Healthcare"
"28-08-2026 2:35 pm","DMART","Largecap","Consumer Discretionary"
"28-08-2026 2:35 pm","WAAREEENER","Largecap","Industrials"
"28-08-2026 3:05 pm","OFSS","Largecap","I.T"
"31-08-2026 10:45 am","GRASIM","Largecap","Textiles"
"31-08-2026 11:55 am","TATAPOWER","Largecap","Power & Utilities"
"31-08-2026 2:05 pm","SONACOMS","Largecap","Auto"
"31-08-2026 2:25 pm","NYKAA","Largecap","I.T"
"31-08-2026 2:45 pm","AUROPHARMA","Largecap","Healthcare"
"31-08-2026 2:45 pm","POWERGRID","Largecap","Power & Utilities"
"01-09-2026 10:05 am","PAYTM","Largecap","I.T"
"01-09-2026 10:15 am","SONACOMS","Largecap","Auto"
"01-09-2026 10:25 am","VOLTAS","Largecap","Consumer Discretionary"
"01-09-2026 10:25 am","ENERGY","Smallcap","Indices"
"01-09-2026 11:05 am","CANBK","Largecap","Bank"
"01-09-2026 11:05 am","MARUTI","Largecap","Auto"
"01-09-2026 12:05 pm","CHOLAFIN","Largecap","Financials"
"01-09-2026 12:25 pm","PFC","Largecap","Financials"
"01-09-2026 12:35 pm","SBILIFE","Largecap","Financials"
"01-09-2026 2:25 pm","HAL","Largecap","Aerospace & Defence"
"01-09-2026 2:45 pm","BANKBARODA","Largecap","Bank"
"01-09-2026 3:05 pm","INFY","Largecap","I.T"
"01-09-2026 3:05 pm","MPHASIS","Largecap","I.T"
"02-09-2026 12:05 pm","RECLTD","Largecap","Financials"
"02-09-2026 12:15 pm","ADANIENT","Largecap","Services"
"02-09-2026 12:35 pm","UNIONBANK","Largecap","Bank"
"02-09-2026 1:15 pm","RADICO","Largecap","FMCG"
"02-09-2026 2:35 pm","ANGELONE","Largecap","Financials"
"03-09-2026 9:35 am","INDHOTEL","Largecap","Services"
"03-09-2026 9:55 am","DMART","Largecap","Consumer Discretionary"
"03-09-2026 10:05 am","HDFCAMC","Largecap","Financials"
"03-09-2026 10:15 am","BRITANNIA","Largecap","FMCG"
"03-09-2026 10:35 am","HDFCAMC","Largecap","Financials"
"03-09-2026 10:35 am","HEALTHCARE","Smallcap","Indices"
"03-09-2026 10:45 am","ASIANPAINT","Largecap","Building Materials"
"03-09-2026 10:45 am","BHARTIARTL","Largecap","Telecom-Service"
"03-09-2026 11:25 am","ASIANPAINT","Largecap","Building Materials"
"03-09-2026 11:25 am","INDIGO","Largecap","Transportation"
"03-09-2026 11:45 am","ASIANPAINT","Largecap","Building Materials"
"03-09-2026 11:55 am","HEALTHCARE","Smallcap","Indices"
"03-09-2026 12:25 pm","SUZLON","Largecap","Industrials"
"03-09-2026 1:35 pm","PAGEIND","Largecap","Consumer Discretionary"
"03-09-2026 1:55 pm","BHARTIARTL","Largecap","Telecom-Service"
"03-09-2026 2:05 pm","AMBER","Largecap","Consumer Discretionary"
"03-09-2026 3:05 pm","AMBER","Largecap","Consumer Discretionary"
"03-09-2026 3:15 pm","HEALTHCARE","Smallcap","Indices"
"04-09-2026 9:15 am","ABB","Largecap","Industrials"
"04-09-2026 9:15 am","HINDUNILVR","Largecap","FMCG"
"04-09-2026 9:15 am","TATACONSUM","Largecap","FMCG"
"04-09-2026 9:15 am","UPL","Largecap","Chemicals"
"04-09-2026 9:15 am","BHARTIARTL","Largecap","Telecom-Service"
"04-09-2026 9:35 am","ABB","Largecap","Industrials"
"04-09-2026 9:45 am","SONACOMS","Largecap","Auto"
"04-09-2026 9:55 am","BRITANNIA","Largecap","FMCG"
"04-09-2026 11:25 am","TATACONSUM","Largecap","FMCG"
"04-09-2026 11:35 am","BRITANNIA","Largecap","FMCG"
"04-09-2026 11:45 am","HEROMOTOCO","Largecap","Auto"
"04-09-2026 11:45 am","UPL","Largecap","Chemicals"
"04-09-2026 12:55 pm","GLENMARK","Largecap","Healthcare"
"04-09-2026 1:05 pm","UNITDSPR","Largecap","FMCG"
"04-09-2026 1:15 pm","HEROMOTOCO","Largecap","Auto"
"04-09-2026 2:45 pm","BOSCHLTD","Largecap","Auto"